Date,Review,sentiment
2024-10,포장에 특화된 매장이에요. ㅋ 역시 저가 커피 집에는 푸드 메뉴는 안타깝습니다 ㅠㅠ 커피는 빠르게 제조하고 포장해줍니다. 친절하셔요~,긍정적
2024-10,여긴 디카페인두 맛나서 좋아유,긍정적
2024-09,벤티로 시켜서 그런가 약간 맹탕이었네요 ㅠㅠ,부정적
2024-10,콜드브루입니다,긍정적
2024-07,"가격도 싸고 커피맛도 좋아요.
원두를 선택할 수 있어서 특히 좋아요.
근데 디카페인 1000원추가는 좀 비싼기분이예요^^;",긍정적
2024-09,"직원분들이 친절하시구
커피 주문하면 빠르게 나와용",긍정적
2024-07,빠르게 나오는 주변 커피집 중에 제일 저렴한 곳입니다. 이제 먹으니 익숙해지더군요 ㅋㅋ 사이즈 크게 먹고 싶으면 샷4잔에 2800원 아이스아메리카노 먹으면 됩니다.ㅎ 훌륭한 가성비 입니다. 팀원들하고 편히 사서 먹기 좋네요. 자주 이용합니다~,긍정적
2024-10,ㅇㅇ,부정적
2024-10,커피 맛집,긍정적
2024-04,"더벤티를 애정하는 1인이라 고민하다 후기를 올립니다.
살짝 망설였지만 최근 가격도 올렸는데 그에 비해 퀄리티가 너무 떨어져서 서운하기까지 하네요.
라떼를 받아들고 몇걸음 걷지도 않았는데 뽁뽁한 스팀밀크가 아니어서 액체가 밖으로 나오는 상황까지.
전에도 이런 상태였다면 아무리 더벤티가 가성비가 좋아도 마시지 않았겠죠.
최근 들어 서너번 이렇게 물상태였지만 바쁜 아침 시간이라 이해했는데 오늘은 옷에 흘리기까지 하니 기분이 좋지 않았고 후기까지 남기게 되었습니다.
이런 부분이 더벤티 입장에서 화내고 끝나버리는게 아니라 좀더 개선되길 바라는 마음입니다.",부정적
2024-04,"💜 더벤티 뱅뱅사거리점

디카페인 아이스아메리카노 커피 주문했는데 산미가 있었습니다. 오랜만에 산미 커피도 괜찮은 것 같네요.☕️",긍정적
2024-10,굳,긍정적
2024-09,ㅇㅇ,부정적
2024-06,회사근처에서 이용하는 더벤티는 빠르게 음료가 나와서 기다리는 시간이 적어요. 다들 손이 엄청 빠르시네요~ 아침에 기분좋게 커피한잔 구매잘 했습니다~,긍정적
2024-06,일할때 대용량으로 마실수 있어 좋아요,긍정적
2024-07,딸기라떼 맛있어요💕,긍정적
2024-05,커피는 역시 양이 많아야죠~여기는 점심시간 일대에 오면 대기가 엄청나게 깁니다. 그래도 직원들이 손발이 빨라서인지 금방금방 나와요 만족합니다~ㅎ 적당한 가격에 만족할 만한 커피에요-,긍정적
2024-06,맛도 좋고 가격도 좋아요 양도 많아요,긍정적
2024-09,커피 맛있어요!,긍정적
2024-06,장기 운전 전 한잔 굿,긍정적
2024-04,달고 맛있습니다! 근데 음료보다 직원 분의 친절이 아주 달콤한 곳입니다. 비가내리는 토요일이라 우울했는데 밝게 인사해주셔서 기분이 참 좋았습니다 고맙습니다,긍정적
2024-04,"여기 더벤티 일주일에 4번 이상은 무조건 옵니다
여자직원분 친절하고 좋아요
근데 음료가 진짜 올때마다 맨날 없고 하 아니 먹으려고 오면 음료가 없는 날도 있고 있는 날도 있고
그리고 너무 느려요",긍정적
2024-05,콜드브루 완전 맹물이었어요! 잘 못 타진건진 모르겠지만 담엔 아메리카노로~ㅎㅎ,부정적
2024-07,ㅇㅇ,부정적
2024-05,시원한 아이스티의 계절 당보충 가득ㅎㅎ,긍정적
2024-02,쿠폰에 홀려서 들어왔다가 알바 홀로의 커피타이쿤 10단계를 구경함. 호떡은 생각보다 괜찮았어요!,긍정적
2024-04,청포도 시켰는데 기다리고 기다렸만 뒷사람들 메뉴 다 나오고나서 재료소진되어 불가능하다고 함 ㅠㅠ,부정적
2024-05,보성 팝업스토어로 다녀왔어요!!,긍정적
2024-03,역시 오피스상권답게 테이크아웃이 엄청나게 많아요. 빠르게 주문한 음료가 나옵니다. 더벤티 커피맛이야 부드럽죠 ㅎ 잘 먹었어요,긍정적
2024-05,맛있어요,긍정적
2024-04,메가커피보다 가까이 있어서 자주감,긍정적
2024-01,"사람이 마니서잇어서 잘안보이는데
테이블 두개 잇어요
커피맛이 조아효..",부정적
2024-06,굿,긍정적
2024-03,"메뉴 가격대비 양도 괜찮고 가성비 좋아요
직원분들이 넘 친절하십니당",긍정적
2024-04,아침 일찍 염 좋음,긍정적
2024-06,굿,긍정적
2024-06,굿,긍정적
2024-04,,알 수 없음
2024-04,앉아서 기다릴수있음,긍정적
2024-04,골프대회에서 너무 더웠는데 시원한 아메리카노 한잔에 갈증이 씻기네요,긍정적
2024-04,아침에 빨리나옴,긍정적
2024-05,맛있어요~!,긍정적
2024-04,행사에서 싸게삼,긍정적
2024-04,출근할때 매일감,긍정적
2024-04,아침에 빨리나옴,긍정적
2024-06,굿,긍정적
2024-04,우리금융챔피언십 페럼클럽 푸드트럭하길래 첨 먹어봄. 커피랑 에이드가 맛있고 사딸비 등 과일있는건 별로였음.,긍정적
2024-02,라떼 맛있어요!,긍정적
2024-04,👍👍😍💕🥰,긍정적
2024-08,좋아요,긍정적
2024-05,좋아요,긍정적
2024-02,ㅇ,알 수 없음
2024-04,굳 맛있어요,긍정적
2024-03,맛있어요,긍정적
2024-02,맛있어요,긍정적
2024-04,굿,긍정적
2024-04,맛있어요,긍정적
2024-05,,알 수 없음
2024-02,ㅌ,부정적
2024-04,양 많아서 귣,부정적
2024-02,맛있어요,긍정적
2024-06,감사합니다,긍정적
2024-02,ㅍ,부정적
2024-01,ㅌ,부정적
2024-01,ㅏ,부정적
2023-11,가격도 저렴하고 커피도 고소하고 맛있어요,긍정적
2024-01,맛있어요,긍정적
2024-02,굿,긍정적
2023-11,점심시간에 가면 좀 붐벼요. 그래도 빨리 나옵니다.,부정적
2024-01,ㅍ,부정적
2023-10,"커피~~~~테이크아웃 하기 조아용
원두 고를 수 있어서 조아욥",긍정적
2024-01,맛있어요,긍정적
2024-01,굿,긍정적
2024-01,굿,긍정적
2024-02,굿,긍정적
2023-10,"원두도 고를수있고 가성비좋아요
무척이나 바쁜매장이지만 직원분들도 친절하십니다",긍정적
2023-12,커피 가성비가 좋아요,긍정적
2023-12,ㅓ,부정적
2023-09,"친절한 점주님,사근사근한 스탭님,늘 분주하면서도 웃음을 잃지 않는 은혜님,그리고 알바분 모두가 이곳은 최상의 매장이고 최고의 커피숍 입니다.가깝고 메뉴가 맛있어서 하루 두세차례 찾는데 젊은직원의 역동성이 늘 흐믓하게 합니다.점주님의 친절은 나이를 떠나 제가 배우고 싶을 정도랍니다",긍정적
2024-01,굿,긍정적
2024-05,좋아요,긍정적
2023-11,ㅌ,부정적
2023-11,ㅇ,알 수 없음
2024-01,굿,긍정적
2023-09,원두를 선택할수있어서 좋아요^^,긍정적
2024-01,빨라유,긍정적
2023-10,커피맛도 괜찮아요,긍정적
2024-01,굿,긍정적
2023-04,"경마공원 렛츠런파크 벚꽃주간 행사에 참여한 더벤티 드링크트럭~날도 더운데 커피는 사랑이쥬♡♡ 심지어 캠핑의자 포토존과 말랑카우&말빵 경품행사까지.... 모하나 빠지지 않는 삼단콤보 개이득이란 이런 것!!!!
나지금 되게 신나~오늘부터 모든 날이 행복할거야",긍정적
2023-10,가성비 좋아요,긍정적
2023-12,좋아요,긍정적
2023-09,"주말오전 직원분 유쾌하게 일하시네요.
날이 선선해져서 따듯란 연유라떼에 연유추가하니 맛있습니다.",긍정적
2023-11,괜찮음,긍정적
2023-12,빠름~,긍정적
2023-09,여러 종류의 커피에 샷 추가까지 했음에도 기꺼이 친절하게 응대해준 은혜 직원님 감사 합니다,긍정적
2023-09,"맛있는 빵,친절한 직원,다정다감한 점주님 그리고 계산전까지 울 집 댕댕이 잠시 임보해 주셔서 감사 했읍니다",긍정적
2023-11,맛있어요,긍정적
2023-09,"항상 친절한 응대와 신속한 음료제공에 감사 합니다.점장님과 은혜님,스탭님 진심 고맙고 감사 합니다",긍정적
2023-11,좋아요,긍정적
2023-08,와 ㅋㅋㅋㅋ 양이 진짜 많네요 받아보고 당황..,긍정적
2023-10,굿,긍정적
2023-11,좋아요,긍정적
2023-10,양으로 승부ㅋ,긍정적
2023-08,"더벤티 음료는 언제 먹어도 맛있어요 ^^
친절하세요♡",긍정적
2023-08,가성비 최고인 거 같애요 늘 직원들과 애용합니다,긍정적
2023-10,굿,긍정적
2023-10,굿,긍정적
2023-07,커피가 맛있어요,긍정적
2023-10,굿,긍정적
2023-10,굿,긍정적
2023-10,굿,긍정적
2023-10,굿,긍정적
2023-10,굿,긍정적
2023-07,빠르게 나와서 좋아요!,긍정적
2023-10,굿,긍정적
2023-09,굿,긍정적
2023-10,좋아요,긍정적
2023-04,가게사정으로 일찍 닫을때가 있어요,부정적
2023-09,굿,긍정적
2023-04,1인석만 있어요 테리크아웃 편함,부정적
2023-04,"먹다가 비닐 나왔어요
음료 맛있고 알바생도 친절했는데 다음부턴 조심하시길",부정적
2023-08,영도 아르미공원 축제때 왔는데 응료가 밋있어요,긍정적
2023-10,친절해요,긍정적
2023-09,굿,긍정적
2023-07,가까운매장,긍정적
2023-09,굿,긍정적
2023-09,굿,긍정적
2023-07,아침에 일찍해서 좋아요,긍정적
2023-05,원두 종류도 3가지나 있고 크기에따라 가격도 다르지만 가성비 좋아요!!^^,긍정적
2023-08,굿,긍정적
2023-04,"거의 테이크아웃 전문
대기 의자는 꽤 있음",부정적
2023-09,,알 수 없음
2023-07,자몽에이드 마싯b 역시 더벤티 가성비 괜춘!!,긍정적
2023-04,커피사들고 가기좋아요 저렴하고,긍정적
2023-05,오 간만에 더벤티 가성비 짱,긍정적
2023-09,친저랳요,부정적
2023-04,오트라떼는... 시럽 필수... ㅋㅋㅋㅋㅋ,부정적
2023-05,"음료 커피 맛있어요
친절해요",긍정적
2023-08,굿,긍정적
2023-07,굿,긍정적
2023-07,좋아요,긍정적
2023-04,좋아요. 직원분들 친절합니다.,긍정적
2023-07,좋아요,긍정적
2023-04,바닐라라떼 맛있음 ㅎ,긍정적
2023-06,너무 더워서 시원한 라떼가 땡겼어요 켁켁,긍정적
2023-07,좋아요,긍정적
2023-09,친절해녀,긍정적
2023-04,커피외 다양한음료가 있어서 가볍게 이용합니다.,긍정적
2023-04,"음료 종류가 다양하고 메뉴가 빨리나와요.
더치커피 넘 맛나요",긍정적
2023-09,친절해요,긍정적
2023-02,커피맛있고 친절해서 좋아요👍,긍정적
2023-06,좋아요 :),긍정적
2023-03,시원허이 좋아요,긍정적
2024-01,맛마요,긍정적
2023-06,샷추가 했어요,긍정적
2024-01,굿굿,긍정적
2023-02,"곽윤기씨가 모델이군요
커피맛도 좋아요
양도 많고요",긍정적
2023-02,늘 맛나게 잘 마시죵~,긍정적
2023-04,이벤트 중이라 좋네요.,긍정적
2023-02,사람 정말 많은데도 알바분들 매우 친절하심,긍정적
2023-08,친잘해요,긍정적
2023-06,굿,긍정적
2023-05,,알 수 없음
2023-05,굿,긍정적
2023-05,대기많아서 앱으로 오더하고 가야해요,부정적
2023-04,콜드부르 커피 좋네요,긍정적
2023-05,가성비굿,긍정적
2023-05,굿,긍정적
2023-04,오늘은 콜드브루만 되지만 말라카유 한봉지 행사중~,긍정적
2022-12,"늘 맛있게 먹어요
가성비좋고 너무 친절해서 좋아요💕",긍정적
2023-05,굿,긍정적
2023-05,굿,긍정적
2023-05,추천합니다.,긍정적
2023-07,,알 수 없음
2023-07,,알 수 없음
2023-04,친절해요,긍정적
2023-04,굿,긍정적
2023-04,굿,긍정적
2023-04,굿,긍정적
2023-04,맛있어요,긍정적
2022-11,넘 좋아요~커피랑티 메뉴가 다양했음 해용~,긍정적
2023-04,좋아요,긍정적
2022-12,맛있게 잘 억고있습니다~~^^,긍정적
2023-04,굿,긍정적
2023-02,커피 맛 좋아요~,긍정적
2022-11,가성비갑!!!양도많고 맛도좋아요~,긍정적
2023-06,친절해요,긍정적
2022-12,가성비 갑인 더벤트 딸기라떼에 펄 추가하면 환상적입니다.,긍정적
2023-04,ㅇㅋ,부정적
2023-03,굿,긍정적
2023-03,굿굿,긍정적
2023-05,친절해요,긍정적
2023-03,아아,긍정적
2022-12,약속시간에 일찍도착하여 들어간벤티 양도많고 맛두좋고 가성비 짱,긍정적
2023-03,굿👍,긍정적
2023-04,굿,긍정적
2023-04,good,긍정적
2022-12,친절하고 좋아요,긍정적
2022-11,더벤티 아바라 너무 맛있어용 파우더 굿,긍정적
2023-01,직원분들 항상 친절함!,긍정적
2022-12,굿!,긍정적
2022-12,굿!,긍정적
2023-05,친절해요,긍정적
2023-05,친절해요,긍정적
2022-11,가성비로 좋아요~~,긍정적
2023-01,벤티 모르는사람없쥬,긍정적
2022-11,"맛있어요!
종류가 많아졌네용",긍정적
2022-12,굿!,긍정적
2023-01,굿,긍정적
2022-11,매일 먹는 커피한잔 bb,긍정적
2023-03,칮절해요,부정적
2023-02,굳굳,긍정적
2023-04,친절해요,긍정적
2023-05,굿,긍정적
2023-01,맛있어요,긍정적
2022-11,메뉴다양하고 싸면서 맛있어요,긍정적
2023-02,굿,긍정적
2023-04,좋아요,긍정적
2023-01,좋아요,긍정적
2023-01,좋아요,긍정적
2022-11,굿,긍정적
2023-03,친절해뇨,긍정적
2022-12,가성비 좋은 카페맛집 👍,긍정적
2023-01,ㅡ,부정적
2023-01,굿,긍정적
2022-12,맛있어요,긍정적
2022-12,굿,긍정적
2022-12,맛있어요,긍정적
2022-12,친절해요..,긍정적
2022-11,벤티는 커피 맛도 괜찮아요,긍정적
2023-01,굳,긍정적
2023-03,친절해요,긍정적
2022-12,맛있어요,긍정적
2022-10,음료는맛잇어요,긍정적
2022-08,커피와 쉐이크 주문하려고 했는데 쉐이크 모든메뉴가 품절되어 딸기라떼로 주문했네요. 자주 품절되는거 같아요ㅜㅜ 또 키오스크 2개여도 오래기다려야 하는데 오늘은 그 2개중에서도 1개가 고장이라 오래 줄섰습니다. 자주 이러니까 다른곳으로 발길을 돌리게 되요. 빠른 복구 부탁드립니다.,부정적
2022-12,굿,긍정적
2022-12,ㅇㅇ,부정적
2022-09,"벤티는 맛도 있고, 가성비좋고.. 회사인근에 있어서 자주 가게되요~",긍정적
2022-10,,알 수 없음
2023-03,친절해요,긍정적
2023-02,친절해요,긍정적
2022-12,좋아요~,긍정적
2023-02,ㅣㄴ절해요,부정적
2023-02,친절해요,긍정적
2022-10,음료가 빨리 나와요,긍정적
2022-11,좋아요~,긍정적
2022-07,점심에 뱅뱅사거리 더밴티 들러 아이스아메리카노사서 강남역부근 5분거리 다녀오니 얼음 다녹았더라고요. ㅠㅜ 메뉴선택시 얼음 많이 지정할수 있어 쉬원하게 끝까지 먹을수 있었는데...아쉽네요~~~,긍정적
2022-12,굳,긍정적
2022-10,굿,긍정적
2022-08,"요구르팅마싯어여
매장너무덥네요;;;",부정적
2023-02,친절해요,긍정적
2022-10,커피가 빨리 나와요,긍정적
2023-02,친절해요,긍정적
2023-03,굿,긍정적
2022-11,좋아요~,긍정적
2023-02,ㅣ친절햐요,긍정적
2022-11,좋아요~,긍정적
2022-09,"가성비좋은 커피
점심식사후 항상 방문하는 곳",긍정적
2023-01,친절해요,긍정적
2022-08,"매장 엄청덥네여 ㅌ
요구르팅 수박쥬스 마싯어요👍",부정적
2023-01,친절해요,긍정적
2023-01,친절해요,긍정적
2022-11,오곡라떼가 맛있어요. 그레인라떼는 미숫가루 같음,긍정적
2023-01,친절해요,긍정적
2022-07,연유라떼 처음 먹어봤는데 다른 브랜드에 비해서 연유 양이 너무 적어서 연유 맛이 하나도 안 나요;; 그래놓고 연유 500원 추가버튼 있는게 웃기네요ㅎㅎ;;,부정적
2023-01,맛잇어요,긍정적
2022-11,으료가 빨리나와서 조흠,긍정적
2022-08,아이 기다리느라 한시간 정도 있었는데 매장이 너무 덥네요,부정적
2022-10,굿!,긍정적
2022-10,좋아요~,긍정적
2023-02,굿,긍정적
2022-08,음료가 빨리 나오고 가성비가 괜찮아요,긍정적
2022-09,달달하니 맛나요,긍정적
2022-06,"부담없이즐기기좋은~^^
회사근처 카페^^
입구앞에서 제발
흡연은삼가해주시길...",긍정적
2022-09,커피촵촵 맛나유,긍정적
2023-04,맛있어요~,긍정적
2022-09,친절하셔요!,긍정적
2022-09,직장인들 먹기좋음,긍정적
2022-09,구,부정적
2022-12,친절해요,긍정적
2022-06,너무너무너무맛있어요,긍정적
2022-12,친절해요,긍정적
2022-08,더벤티 체인점 입니다,긍정적
2022-06,바쁜 시간인데도 친절하셨습니다~,긍정적
2022-07,종류가 많고 가성비도 좋네요,긍정적
2022-12,친절해요,긍정적
2022-07,맛도 가성비도 좋네요,긍정적
2022-07,메론소다 맛있어요~!!,긍정적
2022-12,친절해요,긍정적
2022-10,회사 앞이라 편해요,긍정적
2022-07,헤이즐넛 라떼 맛있어용~!!,긍정적
2022-07,메론소다 맛있어요~!!,긍정적
2022-11,굿,긍정적
2023-01,굿,긍정적
2022-08,굿,긍정적
2022-09,굿,긍정적
2022-08,,알 수 없음
2022-10,더벤티 미숫가루맛 특이하네요,부정적
2022-06,커피부터 프라푸치노까지 다 너무 맛있어요!,긍정적
2022-11,친절해요,긍정적
2022-09,좋아요,긍정적
2022-11,굿,긍정적
2022-03,딸기라떼에 펄추가.. 특이한메뉴 주문했는데 늘 한결같은 맛있는맛 가성비 짱이라서 자주 즐겨요~~,긍정적
2022-05,"요구르탱 맛있어서 자주가는데
매장에서 마시기엔 너무더운;;
직원들만 시원하면 단가요... 손님더워여,;;",긍정적
2022-08,굿,긍정적
2022-06,,알 수 없음
2022-06,,알 수 없음
2022-07,ㆍㅅ,부정적
2022-05,넘모 맜있고 가성비 짱짱,긍정적
2022-09,굿,긍정적
2022-05,라떼 넘맛잇어요,긍정적
2022-07,맛있어요,긍정적
2022-07,저렴해요,긍정적
2022-05,,알 수 없음
2022-08,좋아요,긍정적
2022-09,친절해요,긍정적
2022-07,좋아용 ㅎㅎ,긍정적
2022-07,맛있어요,긍정적
2022-04,오늘도 벤티~ 식사후 음료는 벤티죠!! 딸기라떼 맛있습니다.,긍정적
2022-04,오늘도 찾은벤티 역시나 맛있어요,긍정적
2022-09,친절해요,긍정적
2022-04,점심지나고 가면 많은메뉴가 품절이에요ㅠㅜㅡ,부정적
2022-05,☕️ 맛있어요!!,긍정적
2022-07,굿,긍정적
2022-09,친절해요,긍정적
2022-06,굿,긍정적
2022-03,양이 정말 많아서 잘마셨습니다.,긍정적
2022-03,자주 방문하는 커피 음료집~~ 딸기라떼 최고에요~~,긍정적
2022-05,☕️,긍정적
2022-06,친절해요,긍정적
2022-04,라떼 맛있어요,긍정적
2022-05,굿,긍정적
2022-08,친절해요,긍정적
2022-06,굿,긍정적
2022-05,맛있어용~,긍정적
2022-06,좋아요,긍정적
2022-05,굿,긍정적
2022-06,굿,긍정적
2022-06,좋아요,긍정적
2022-06,좋아요,긍정적
2022-06,굿,긍정적
2022-05,굿,긍정적
2022-04,😀,긍정적
2022-03,딸기 종류 맛있어용,긍정적
2022-01,바닐라빈쉐이크 맛있어용ㅎㅎ,긍정적
2022-05,굿,긍정적
2022-04,좋아요,긍정적
2022-05,굿굿,긍정적
2022-04,굿,긍정적
2022-05,굿,긍정적
2022-03,긋굿,긍정적
2022-06,친절해요,긍정적
2022-04,굿,긍정적
2022-04,굿,긍정적
2022-03,굿,긍정적
2022-04,굿,긍정적
2022-04,굿,긍정적
2022-05,친절해요,긍정적
2022-05,친절해요,긍정적
2022-05,친절해요,긍정적
2022-02,굿,긍정적
2021-10,애플유자티 너무 맛있어요👍,긍정적
2022-04,굿,긍정적
2022-06,굿,긍정적
2021-08,"양이 넘 많아서 나중엔 질리는.
신상 맛은 괘안.",부정적
2021-12,양이 많아서 좋아요~~,긍정적
2022-02,굿,긍정적
2022-01,좋아요!,긍정적
2022-05,친절해요,긍정적
2022-01,좋아요!,긍정적
2022-01,좋아요!,긍정적
2022-01,굿,긍정적
2021-09,출근길에 부담 없이 한 잔씩 사가기 좋아요,긍정적
2022-01,좋아요,긍정적
2021-08,출근길 힐링이에요:),긍정적
2021-11,맛나요,긍정적
2022-03,굿,긍정적
2022-03,맛있어용,긍정적
2022-01,친절해요,긍정적
2021-12,굿,긍정적
2022-02,좋아요,긍정적
2021-08,태이크아웃전문! 가성비가내려와요,긍정적
2021-08,수박주스 너무 밍밍…..,부정적
2021-10,굿,긍정적
2021-06,베리망고치즈 강추!! 아메리카노도 맛있어요!,긍정적
2021-07,자주이용하는데 바닐라라떼는 좀 텁텁해요,부정적
2021-08,가성비 좋은곳,긍정적
2021-10,맛있어요,긍정적
2021-09,좋아요,긍정적
2021-08,저렴하고 맛도 괜찮아요 ^^,긍정적
2021-09,좋습니다,긍정적
2021-09,굿,긍정적
2021-09,굿,긍정적
2021-09,굿,긍정적
2021-05,아인슈페너맛나요,긍정적
2021-05,"주문실수했는데도 친절하게 진행해주심ㅎ

맛있음ㅎ",긍정적
2021-10,좀 연한편,부정적
2021-03,트로피카버블티맛있어여,긍정적
2021-04,가격도 저렴하고 친절해서 좋아요.,긍정적
2021-04,좋아용^-^,긍정적
2021-05,,알 수 없음
2021-03,늘 느끼지만 알바직원분들 넘 친절하심,긍정적
2021-02,녹차 덜달게가 더 맛있어요,긍정적
2021-03,키오스크 한대 작은곳,부정적
2021-02,이벤트중 맛있어요,긍정적
2021-03,친절하고 좋아요!,긍정적
2021-03,,알 수 없음
2021-01,싸고 양이많아요!,긍정적
2021-03,좋아요,긍정적
2020-12,좋은하루되세요,긍정적
2020-12,좋은하루되세요,긍정적
2020-12,좋은하루되세요,긍정적
2021-04,좋아용,긍정적
2021-02,저렴해요,긍정적
2020-11,저렴하고 커피맛 딱 그 정도,긍정적
2021-01,싸요,부정적
2020-12,가성비는 최고~~,긍정적
2021-01,빨라요,긍정적
2021-01,친절해요.^^,긍정적
2020-12,쏘쏘,부정적
2020-12,싸고 빨라요,긍정적
2020-11,커피가 맛있어요.^^,긍정적
2020-12,달다 . . .,부정적
2020-12,너무 달다 . .,부정적
2020-12,"체육복 바지 샀어요. 쎄일해도 29000원 ㅜㅜ
소비자 입장에서는 좀더 저렴했으면..
코로나 때문에 오프라인 매장 운영이 어려운거 같아요. 아구구",부정적
2020-11,친절해요,긍정적
2020-10,좋아요. 서비스도 좋아요,긍정적
2020-10,첫번째방문,긍정적
2020-11,좋아요,긍정적
2020-10,맛있어요,긍정적
2020-11,좋아요!!,긍정적
2020-11,좋아요,긍정적
2020-10,샷추가~,긍정적
2020-10,맛있어요,긍정적
2020-07,저렴하고맛있어요!!!!,긍정적
2020-07,양 많고 좋아요,긍정적
2020-11,좋아요,긍정적
2020-09,구세,부정적
2020-08,친절해요,긍정적
2020-06,컵빙수 맛있어요,긍정적
2020-09,시럽맛만 나요,부정적
2020-06,항상 gooood,긍정적
2021-01,가성비좋은 커피,긍정적
2020-07,맛있어요,긍정적
2020-06,맛 가격 좋아요,긍정적
2020-08,좋아요,긍정적
2020-07,싸고 양도 많고 맛있어요!,긍정적
2020-06,Good,긍정적
2020-07,좋아요,긍정적
2020-06,좋아요,긍정적
2020-05,맛있겠다,긍정적
2021-02,가성비굿,긍정적
2020-03,저렴함,긍정적
2019-06,용량 많고 먹을만해요,긍정적
