Date,Review,sentiment
2024-10,하나하나 맛 없는 안주가 없는 한식 요리 주점이었어요! 프라이빗한룸 형식으로 친구들과 모임 하기도 좋은 공간이더라구요ㅎㅎ 맛있는 안주에 곁들일 수 있는 다양한 술이 있어서 더 좋았습니다! 다음에 또 맛있는 안주 먹으러 가려구요~😍,긍정적
2024-10,강남 모임장소로 늘 선택하는 곳이에요! 룸도 잘 되어 있고 안주도 하나하나 너무 맛있어요... 특히 겨울엔 아롱사태전골 꼭 드세요 고기도 야들야들하고 최고! 다음주에 또 갈거고 연말 모임도 여기서 할 예정🥺,긍정적
2024-10,"정말 안주가 너무 맛있습니다... 또 그에 어울리는 전통주 종류가 엄청 많아서 최고입니다.😊🫶🏼 싹쓸었어요 ㅋㅋㅋㅋㅋ둘이서 걸신 들린마냥 다먹었습니다. 아롱사태전골은 고기 엄청많이 들어있고 국물은 육향이 진~~한것이 요즘같은 쌀쌀한 날씨에 무조건 시켜야 하는 메뉴!!!!! 그리고 불판새우.. 매운거 좋아하시는분들 꼭드시길 초강추입니다ㅠㅠ 새우가 진짜 생새우 탱글탱글하고 엄청많이 들어있어요. 그리고 꼭..당면사리 추가해서 드셔보시길 !!!!!!!!!!!!! 주먹밥도 꼭..!!!!!!!!
진짜 눈돌아가는 메뉴들 많았는데, 다음에 다른 메뉴들도 도전각!!!!!!!
그리고 프라이빗한 공간이 정말 최고에여.. 담엔
직장동료들과도 함께 와야겠어요💕💕💕",긍정적
2024-10,"우선 음식이 전체적으로 다 맛있었어요!
뭐하나 실패가 없었습니다! 그리고 프라이빗룸이라 저희끼리 재밌게 모여 대화하고 조용하게 잘 놀았습니다! 또 사장님과 직원분이 친절하셔서 기분 좋은 저녁시간 보냈습니다 ㅎㅎㅎ 사장님 너무 재밌어요 ㅜㅜ 🥹🥹🥹 그리고 제가 물건 하나를 두고왔는데 잘 해결해주시고 너뮤 감사드립니다! 꼭 재방문할게요! 오래 있어주세요 ㅎㅎ",긍정적
2024-10,"퇴근 후 신랑이랑 데이트 겸 간단히 술 마시러 왔는데, 여기 다양하게 술 종류도 많고 안주도 정말 깔끔하고 맛있어요! 육회도 신선하고 특히나 감자전 바삭하고 맛있습니다!! 다음날 출근만 아니었다면 막걸리 먹고싶은 메뉴들이었으나 일찍 출근이라 참았네요ㅠㅠ 다음번엔 비오는날 감자채전에 막걸리 먹으러 가려구요! 추천합니닷👍👍",긍정적
2024-10,"애견동반가능해서 예약후방문해봤는데요 애견물그릇부터 고구마간식도 주셔서 강아지가 너무 좋아했어요 룸으로 나누어져있어서 프라이빗한 공간이 더욱 좋았어요 커튼룸말고도 룸으로된 단독 공간도 있어서 청첩창 모임이나 연말회식하기 딱 좋을듯해요
무엇보다 음식이 너무 맛있어서 재방문하고싶어요♡",긍정적
2024-10,"언제나 친절해서 기분 좋은 집 !💕
☺️☺️테이블 잘 나뉘어있어서
이야기 나누기 좋은 분위기에요 ~
쭈꾸미차돌철판이랑 🍤새우전 먹었는데
오 둘다 실패없어용🫶🫶",긍정적
2024-09,"ㅋㅋㅋ 애견동반이 가능하다해서 칠복이 데려갔어요! 육전하고 육회 주문했는데 소문대로 진짜 맛있었어요
강아지 물그릇과 간식도 가져다 주시고, 정말 친절하신 사장님! 안주랑 술 종류도 다양하고 프라이빗하게 즐길 수 있어서 좋은거같아요! 단체룸도 있어서 회식하기 좋을거같아여!",긍정적
2024-07,"재방문 인데 역시 재방문 후회안합니다 !
음식도 맛있고 모든 음식 서비스 하나하나 정성이
들어가 있어서 좋았어요 !
인테리어도 프라이빗해서 데이트 하거나 단체모임하기좋을꺼같아요~ 연말에는 여기서 연말모임해야할꺼같아요 사장님 친절하셔서 감사합니다🩷",긍정적
2024-07,"양재역 술집중에 기억에 남을 만한 맛집 주점이예요!
메뉴도 안주에 걸맞게 매콤하면서 적당히 간이 되어 넘 맛있고 술 종류도 무진장 많더라구요!!! 술 구경하는 재미도 쏠쏠했어요❤️
프라이빗한 룸도 많아서 모임하기 좋을 것 같아요!",긍정적
2024-10,안주도 맛있고 술도 다양해서 모임 장소로 추천해요,긍정적
2024-08,"11년만에 여는 동창회 다슬음에서 했어요!
안주들 다 너무 맛있고, 룸이 있어서 편하게 놀고 대화했습니다ㅎㅎ 사장님, 직원분들 다 너무 친절하셔서 좋은 추억 쌓고 갔습니다~! 감사합니다!!! 다음 동창회도 여기서 할 생각입니다ㅎㅎㅎ",긍정적
2024-07,다양한 술과 안주가 있어서 골라먹는 재미가 가득한 곳이었구요 프라이빗해서 친구랑 즐겁게 대화할수 있어서 너무 좋았어요 메뉴는 다 너무 맛있더라구요 강남역에서 친구랑 가기 좋은 룸술집이에요,긍정적
2024-07,"모든 좌석이 프라이빗 룸은 아니지만 커텐이 있어서 룸처럼 조용하게 즐길 수 있어요
그리고 안주들이 하나같이 양 많고 식사할만한 종류들이라서 1차로 오기도 좋고 식사만 하러 와도 좋은 강남역 룸술집이에요!",긍정적
2024-10,"청모로 갔는데 다 독립되어있어 대화하기도 너무 좋았어요! 안주 진짜 다 맛있어요 아롱사태 전골, 참문어숙회 존맛 빨리 나와서 기다리는 것도 없었어요!! 뭣보다 직원, 사장님 다 친절해서 몸둘바를 몰랐네요 ㅠㅠ 깜짝 야관문주 감사합니다 ㅋㅋ 강남 단체모임은 여기입니다 여러분",긍정적
2024-07,"강남 다슬음 맛있고 대화나누기 좋은곳이라고 해서 방문했는데 룸이 아니더라도 자리가 모두 독립된 느낌이라 프라이빗하게 식사할 수 있어서 좋았어요 😁😁😁

주류도 종류 많은데다가 맛있는 안주메뉴도 많았고 주문한 육전과 골뱅이 소면 정말 맛있었어요 👍🏻👍🏻👍🏻다음에 또 방문할게여~",긍정적
2024-10,강남역 룸이자카야 다슬음에서 저녁먹고 왔는데 마치 캠핑하는 느낌으로 분위기 좋은 곳 ✨️,긍정적
2024-09,"음식이 너무너무 맛나고
사장님께서 어떻게 먹으면 더 맛있는지 , 술이랑어울리는 안주 추천도 곧잘 해주세요
만족도 200퍼 ! 술 종류도 많고
서비스도 주시고 감동 ! 분위기도 좋아서 자주 갈거같아요 ㅎㅎ",긍정적
2024-06,"저는 사장님 이렇게 친절하시고 식사도 맛있는데는 진짜 오랜만에 방문하는 것 같아요🥹
사장님께서 계속 웃어주시면서 메뉴 설명해 주시고 불편한 건 없는지 체크해 주시더라구요…🥹
일단 여기서 다슬음에 반했고
두번 째로는 값이 좀 나가지만, 값에 비해 양이 많아서 충분이 여자 3명이서 식사해도 좋을 양이었습니다. 메뉴당 1.3-5 인분 되서 그 부분 고려해서 주문하시면 될 것 같구, 양도 많고 맛도 좋아서 누구 대접하시거나 모임 갖기도 너무 좋아요!
전문 주점답게 프라이빗한 장소도 너무 맘에 들었고 희귀한 사케를 비롯하여 다양한 주종들이 있어서, 4050대 연령대 있으신 분들도 추천합니다!
사장님… 진짜 대박나세요!! 특히 유자사케
강추합니다!! 재방문의사 100%입니다👍🤩😍",긍정적
2024-05,내돈내산!! 친구들이랑 6명이서 방문해서 주안상(6-8인세트) 1번으로 먹었습니다~ 안주도 너무 고급지고 맛있어서 너무 마음에 들었어요!!! 식재료들이 다 신선하고 너무 맛있더라구요~ 저희는 대식가들이라서 주안상말고도 주문을 더 많이했습니다! 안주가 맛있어서 계속계속 주문하게 되네요~ 예약하구 방문 했는데 사장님도 너무 친절하셔서 친구들이랑 너무 즐거운 시간 보냈습니다~ 강남에서 자주 모이는데 다음에 한번더 가서 다른 안주도 먹어볼게요~ 술도 맛있고 안주도 맛있고 룸도 좋고 모든게 만족스러웠습니다~♡,긍정적
2024-07,"소개팅 장소로 정말 좋은 것 같아요! 아롱사태전골, 한우육회 추천드립니다 :) 대화하기 좋은 공간이라 회식 장소로도 손색 없어요! 맛있고 정말 친잘했습니다!!",긍정적
2024-07,요즘처럼 장마에 전이랑 술한잔하러가기 딱이에요!! 육전 짱맛탱. 칸막이 다 되어있어서 모임하기 좋고 안주들이 다맛있어요 사장님도 넘친절하십니다👍,긍정적
2024-07,"프라이빗하게 이야기 할수있어서 좋았어요!
그래서 그런지 데이트로도 많이오시고 단체룸도 있어서 단체손님분들도 계시더라구요 ㅎㅎ
음식도 일반술집보다 맛있고 술도 다양해요! 강남술집 으로 자주갈것 같은 곳 발견해서 좋아요 👍👍",긍정적
2024-06,"제가 육회를 별로 안좋아하는데, 여기는 육회만 두개 시킬뻔 했어요.. 진짜 너무 맛있고 분위기도 좋고 룸 갯수도 많은데 단체룸도 꽤 보여서 다음엔 모임장소로 추천해보려구요 ㅠㅠ 사장님도 너무 친절하시고 좋아서 더욱 좋았던 기억이에요!!! 다음에 또 재방문 하고싶은 곳!!😍🙏🏻",긍정적
2024-06,모든 테이블이 룸으로 되어있어서 프라이빗해서 좋았던 강남역 술집 다슬음. 사장님 엄청 친절하시고 어떻게 먹어야 맛있는지 꿀팁도 알려주셔서 더 맛있게 먹고온것 같아요. 뱅뱅사거리 맛집 다슬음 ! 다양한 안주 맛보기에도 좋은 것 같아요 ㅎㅎ,긍정적
2024-09,한우육ㅎ히랑 메로구이 하이볼 생맥주 먹엇어요! 프라이빗하게 커튼도 칠수잇어서 분위기도 좋고 대화하기 좋습니다 😗 음식도 맛잇어요!,긍정적
2024-08,"강남역 룸술집

모든 좌석이 룸 형식으로 되어 있어서 모임 장소로 제격이에요~ 오징어김치전 진짜 맛있습니다!!",긍정적
2024-10,"분위기도 너무 좋고
안주도 너무 맛있었어요
가성비도 좋고 맛도 만족스럽네요",긍정적
2024-09,인테리어 넘 예쁘고 전체적으로 프라이빗한 룸술집 구조라 좋았어요!! 안주도 넘 맛있었어요 특히 아롱사태 전골 국물이 진하니 최고였습니당,긍정적
2024-10,친절하시구 깔끔하구 좋았어용 음식도 다양하고 좌석별로 커튼 쳐져 있어서 적당히 프라이빗합니당 단체모임하기 좋아요,긍정적
2024-11,"청모하기 정말 좋았어요🩶
사장님도 너무 친절하시고 무엇보다 안주가 전체적으로 아주 좋고 맛도 좋았어요..ෆ 대화하기도 시끄럽지 않고
모든게 만족 했습니다 :)",긍정적
2024-07,"매장진짜예뻐요..! 캠핑하는느낌 ㅠㅠㅠㅠ
안주도 다 맛있고.. 정말 팀모임 단체회식하고 이야기하기 넘좋아요
또예약했습니다..!ㅠㅠㅠㅠ",긍정적
2024-04,"강남역, 양재역 부근에서 분위기 좋은 술집 찾으신다면 무조건 다슬음이에요
전좌석 프라이빗에 인테리어 너무 고급지고 분위기 최고에요

요리주점답게 안주가 다 고퀄리티에 맛이 정말.. 👍🏻
술집안주가 아니라 정말 요리를 먹는 기분이었어요

데이트, 소개팅, 회식, 가족모임 등등 어떤 목적으로 방문해도 다 만족하실만한 완벽한 강남역 룸술집이에요!
애견동반가능합니당",긍정적
2024-05,"강남에 이렇게 넓고 칸막이 잘되어있는 곳 많지않은데 넘 좋아요 👍 회식이나 단체모임 하기에도 딱이고 안주랑 술 종류가 진짜 다양해서 친구들이랑 가기도 딱입니당
오징어김치전이랑 짜계치 대추천...💛",긍정적
2024-06,룸술집이라 편안하게 대화할 수 있어 좋았어요!👍 음식도 요리주점이라 그런지 모든 메뉴가 평균이상입니다!😋 데이트하거나 회식하기 좋은 곳이였어요!,긍정적
2024-06,여기 주점맞나요?!!!! 차돌박이쭈꾸미 완전 맛있어요...👍👍👍 쭈꾸미 전문점의 깊은 양념맛이납니다ㅠㅠ💚 모든 테이블이 프라이빗이라 분위기도 좋아요!!,긍정적
2024-09,"청첩장모임 하려고 룸 찾고 있었는데 다슬음이 딱 있어서 예약했어요~ 분위기도 너무 좋고 세트메뉴에 술까지 다양해서 좋았고 , 음식 나오는 것도 빠르고 직원 분들도 너무 착하시고 벨 누르면 한걸음에 달려와주시고 정말 정말 맛있었어요😇❤️❤️
사장님께서 가게 앞에서 단체 사진도 찍어주시고 술 선물까지ㅠㅠ🤍😭 감동이였습니다!!!
정말 모임하기 딱 좋은 곳이여서 동네방네 소문중이에용~~ 또 방문할게요!!",긍정적
2024-06,"안주 종류가 다양하고 모든 테이블이 룸으로 되어 있어서 단체모임하기 좋았어요!
안주가 다양하면 보통 맛이 없는데 하나하나 다 맛있었어요",긍정적
2024-07,테이블도 다양하고 커튼치면 프라이빗하면서 맛있게 먹기 좋은곳이에요 ㅜㅜ다음에 또가고싶어요ㅠㅠ🫶🫶,긍정적
2024-08,미리 예약하고 갔는데 자리도 좋고 여기 곱창전골이랑 하이볼 꼭ㅜㅜ 친절하시고 너무 맛있어요+_+!!!!!!!!!! 다음에 또 갈려고요,긍정적
2024-06,술 종류도 많고 안주도 맛있고 무엇보다 분위기가 데이트하러 오기도 좋고 대화 나누기에도 너무 좋습니다 분위기 최고예요 강남 술집으로 추천합니다,긍정적
2024-04,"2인부터 12인까지 다양한 프라이빗룸이 준비되어 있는 강남역룸술집 다슬음은 다른 사람들과 공간이 분리되어있어 함께 온 사람들과 대화하기 좋아요!
주종도 다양하고 그에 맞는 안주들도 정말 많고 다양해서 너무 좋은 시간 보내고 왔습니다 ㅎㅎ
다음에도 또 모임할 때 재방문할 예정입니다~!!",긍정적
2024-07,"반려동물이 가능하다고 해서 예약 후 방문했습니다. 일단 완전한 룸은 아니지만 막아져있고 입구는 커튼으로 가릴 수 있어서 좋았어요! 가자마자 강아지 물도 예쁜 그릇에 챙겨 주시고, 오래 머무를거라면 주변에 잠시 강아지가 산책할 수 있는 곳도 소개해주셨습니다. 사장님께서 강아지를 키우신다며 저희 강아지도 예뻐해주시고 고구마도 나눠주셨습니다.. 저희 강아지가 매우 행복해하며 저의 친목을 견뎌주었어요.
물론 가장 중요한건 청결과 음식 맛인데 쭈꾸미차돌철판볶음 진짜 맛있었어요! 볶음밥까지 셀프이긴 했지만 사장님께서 다 구체적으로 알려주셔서 어렵지 않았습니다. 직원분들도 오며가며 강아지 예뻐해주시는 마음이 느껴져서 감사했습니다:) 강남에서 강아지 데리고 가야하면 꼭 여기 가려구요!",긍정적
2024-06,"모든 테이블이 룸인곳은 찾기 쉽지 않은데,
드디어 찾았어요!
안주도 맛있고 주류도 다양해서 좋아요~
게다가 사장님, 직원분들 모두 친절하셔서 기분좋게 데이트 하구 왔오요💗",긍정적
2024-05,"매장도 넓고 룸식으로 따로 다되어있어서 대화하기도 편하고 직원분들 사장님 친절하고 안주맛있어서
밥시켜서 먹었습니다 양은 또 왜이렇게 많은지 감탄했네요 강남역 데이트 회식 다 여기에요 진짜 짱이에요 👍🏻👍🏻👍🏻👍🏻👍🏻",긍정적
2024-04,"오랜만에 만나는 친구들이랑 방문했어요~
각자 자리들이 커튼으로 나눠져 있어서, 우리끼리 얘기하기에 좋았어요! 안주가 엄청 다양한데, 하나하나 맛있어서 신기했어요 ㅎㅎ
임산부 친구랑 같이 갔는데 논알콜 맥주도 있어서 같이 즐길 수 있어서 좋았어요😍
넘 만족해서 저희 7시부터 만나서 12시가
넘어서 나왔어요🤣",긍정적
2024-04,청첩장 모임으로 제일 큰방 예약했는데 다들 장소 좋다고 고급지다고 칭찬해줬어요! 안주도 다 맛있고 서비스까지 주셔서 넘 감사했어요. 예약할때 깐깐히(?) 굴었는데 정작 사장님 넘 친절하셔서 기분까지 좋아지는 하루였습니다! 다음 서울 모임때 또갈게요~,긍정적
2024-04,"일단 음식이 너무 맛있어요! 메인메뉴 두개시켰는데
둘다 맛있어서 놀랬고 일단 룸으로 되어있는 공간있고
테이블마다 프라이빗하게 커텐이 되어있어 옆테이블 과
겹치지 않아서 좋았던거같고 사장님이 일단 친절하셔서 기분좋게 술한잔 하고 왔습니당 🥹🤍🩷",긍정적
2024-06,"룸으로 되어있어서 단체로 오기 좋아용ㅋㅋㅋㅋ 가게 분위기 너무 좋고
술종류와 안주종류도 다양해서 먹고싶은메뉴가 많았어요 ㅋㅋ
한우육회와 닭볶음탕 시켯는데 음식이 매우 맛잇엇습니당!!
마지막 볶음밥까지 엄청 배부르고 술안주로 너무 좋앗어용",긍정적
2024-05,"오붓하게 즐길 수 있는 실내 공간이 넘 맘에 드는 곳이에요!

실내 분위기도 너무나 좋구요, 안주도 너무나 맛있어서 좋은 사람과 술 한잔 하기 좋은 그런 곳 이랍니다

분위기, 음식 맛 모두 좋았구, 민물장어 메뉴를 착한가격에 즐길 수 있는 점도 아주 큰 메리트였어요 ㅎㅎ",긍정적
2024-04,"다슬음
강남 프라이빗 룸술집.
분위기도 좋고, 친절하고, 무엇보다 음식이 맛있어요!
2명이서 오붓하게도 좋지만
안주 하나하나 양이 진짜 많아서
단체나 모임으로도 좋아요.
술먹으러 갔다가 안주빨로 제대로 식사하고 왔어요ㅋㅋ",긍정적
2024-04,"단체로 방문한 강남역 룸술집이에요. 단체 회식이나 모임으로 찾아오기 좋았고, 음식이 다 맛있습니다 😘 세트 구성이 좋았고, 다른 메뉴로 변경도 가능한 점이 더 좋았어요. 직원분들도 다 친절하시고, 소수든 다수든 프라이빗하게 놀 수 있는 곳이라 추천해요 ❣️",긍정적
2024-03,"뱅뱅사거리 맛집 술집 다슬음🪄⭐️
오 뱅사에 이런 프라이빗한 술집이 있다닝!

자리가 단체 모임하기 딱 좋고 다 프라이빗하게 되어있어서 술집인데 시끄럽지 않고 좋더라구요
대화하기 좋아서 데이트 2차 술집으로 딱인 느낌

민물새우 수제비매운탕 먹어봤는데 와 이거 별미네요 ㅋㅋㅋㅋ 민물새우가 조그맣게 들어있는데 생각보다 맛있고 국물이 깊은 맛이 나서 매운탕 느낌 제대루에요 수제비도 존맛

부라타치즈 샐러드도 토마토랑 같이 먹으면 환상이에용 💖💖 술마시러 자주 갈듯",긍정적
2024-04,"뱅뱅사거리, 강남역 프라이빗한 룸술집 다슬음 :)
금요일 방문하였더니 웨이팅이있었다. 그만큼 핫하고 분위기 좋은 곳.

지인들과 맥주와 안주 즐기기 위해 방문했다. 에어컨도 빵빵하고 친절하신 직원분들 덕분에 즐겁게 시긴을 보내고온. 함께즐긴 기본안주글도 너무 훌륭하고 맛있었다 😊 다음에도 미리 예약하고 지인들과 방문해야겠다.",긍정적
2024-05,매장도 넓고 룸있어서 단체로 가기 좋은 곳이에요. 직원분들 친절하고 주문한 안주 메뉴 너무 맛있었어요!! 술이랑 먹기 좋은 한식들 나와서 좋았어요.,긍정적
2024-03,"분위기도 너무 좋고 사장님도 정말 친절하십니다!!! 자리도 프라이빗해서 너무 좋아요ㅎㅎㅎ 데이트나 회식 장소로 찰떡!
육회 진짜 맛도리입니다❤️
신선하고 부드럽고 입에서 살살 녹아유!!
쭈꾸미삼겹살은 매콤하고 맛있아요! 밥은 꼭 볶아드세유 ㅎㅎㅎ",긍정적
2024-09,서비스 콘치즈 감사합니다^^~,긍정적
2024-05,"육회 미쳤어요
1인 1육회로 깔고 시작하고 싶을만큼 모두가 만족한 메뉴입니다
증류주나 하이볼 종류도 다양해서 좋아요
한 자리에서 2차 간것처럼 이것저것 많이 먹고 마셨어요
비용은 좀 나왔지만 그만큼 만족스럽게 먹었습니다
저희 아지트로 삼을거에욬ㅋㅋ
테이블마다 경계가 구분된것도 식당 선정에 도움되었어요
이미 술 종류는 다양하지만,,그중 덜 팔리는 술종류 대신 데킬라,버번하이볼 등 다양하게 주류 리스트를 업데이트하면 더욱 좋을것 같습니다",긍정적
2024-03,음식도 분위기도 최고에요! 직원분들도 다들 친절하시고 자리도 분리되어있어서 좋네요! 애견동반석이 따로있어서 반려견과 함께 오기도 최고에요:) 분위기 좋고 술 종류 다양해서 좋은 다슬음이에요❤️,긍정적
2024-10,사장님 왕 친절 안주도 맛있어요~~ 재방문예정입니다,긍정적
2024-05,"완전 안주 맛집이에요 주류도 종류가 다양해서
골라먹는 재미가 있네요!
조용하고 프라이빗해서 좋아요 룸술집이라 대화하기 좋습니당",긍정적
2024-05,"모든 음식이 다 맛있어요!!
솔직히 강남에서 술안주 맛집 찾기힘든데 여기는 양도 많고 맛도 어쩜 다 맛있어요!!
사장님도 친절하셔서 기분좋게 먹고갑니다:)",긍정적
2024-08,프라이빗하게 회식할 수 있는 다슬음 요리도 너무 맛있어요!! 😍😍😍,긍정적
2024-03,"예약하고 방문하길 잘했더라구요. 좀있다 7시가되니 자리가 가득찼어요. 단체석도 있고 룸도있어서 회식할때 여기로 가자구 해야겠어요 ㅋㅋㅋ
술도 다양해서 다음에 전통주 먹으러 오기로했어요.
아롱사태전골이랑 소라무침 진짜 최고 추천드려요.",긍정적
2024-03,"강남 양재 사이 이런 분위기 있는 룸술집이 있었다니❤️
거기에 안주도 너무 맛있고 주류도 다양해서
뭐 하나 아쉬운게 없었어여!!! 심지어 사장님도 너무 친절해요!!😆

커튼 개별 부스, 프라이빗 룸 등 다양한 룸이 있고
컨셉도 다양해서 네이버 예약으로 원하는 룸 예약이 가능하답니다!!

안주까지 맛집 뺨치니까 강남 뱅뱅사거리 술집 찾는다면 무조건 추천합니다❤️❤️",긍정적
2024-03,음식도 다 맛있고 내부가 좌석마다 블라인드/커튼/벽으로 분리되어있어서 좋았어요. 내부가 넓은데 테이블 분리까지 해두니까 다른 손님들 신경안쓰여서 좋았어요. 원하면 커튼으로 아예 닫을수도 있어요. 프라이빗하게 음식 즐기기 좋았고 사장님도 친절하셔서 기분좋게 다녀왔습니다 ㅎㅎ,긍정적
2024-05,안주도 다양하고 술은 더더 다양해서 알콜러부터 알쓰분들까지 모두 즐길 수 있습니다 자리마다 프라이빗하게 커튼이 쳐져 있어서 오붓하게 대화하면서 술 마실 수 있어서 좋아요! 단체룸도 여러개 있어서 모임이나 회식 장소로 딱입니다❣️회사 근처라 자주 방문하고 있어요 강추입니다❣️,긍정적
2024-05,강남에서 청첩장 모임으로 잡기 좋아요 예약도 되고 안주도 다들 맛있다고 칭찬했어요! 재방문이라 룸으로 잡아주시고 서비스도 감사합니다,긍정적
2024-04,"강남역 술집인 다슬음은 프라이빗한 룸에서 조용하게 분위기있는 술집으로, 하이볼과 맛있는 안주가 대박 맛있는곳이예요^^♡♡",긍정적
2024-03,"분위기 좋고 음식도 맛있어요~
매장이 넓어서 모임이나 회식할때 가면 좋을 것 같아요!

술과 안주 메뉴가 엄청 다양해서
골라먹는 재미가 있고
비건인 분들이 먹기 좋은 안주도 많았습니다.

애견동반 가능이라 강아지 데려오는 분들도 있더라구요!
귀여운 댕댕이 구경까지 해서 넘 좋았어요ㅎㅎ

분위기 맛집이라 사진도 짱 잘나옴bb
맛있게 잘먹었습니다~",긍정적
2024-08,단체가 룸술집을 구해야한다면 정말 다시 또 오고 싶은 곳!👍,긍정적
2024-04,"처음 방문하였는데 대화하기도 편하고 음식도
맛있었습니다~ 주류 종류가 정말 많았는데 유자들어간
거만 먹어봤는데 다음엔 다른것도 먹어봐야겠네요.
같이 방문했던 친구들도 모두 만족하고 왔습니다~
위치가 역에서 걸어야하지만 충분히 걸어갈만 한 곳입니다^^",긍정적
2024-03,"문어숙회랑 미나리 새우전 먹었어요😄
문어숙회 사이즈 겁나 실하고 탱글 쫄깃 신선 그 잡채
술안주로 최고시다👍🏻
봄 핑계로 시켜본 미나리 새우전
미나리 향 낭낭하이 아삭아삭 새우는 탱글탱글 대존맛
창가자리에서 비오는 날 막걸리랑 먹으러 기깔날듯
룸술집이라 프라이빗해서 강남데이트 장소로 좋아욤",긍정적
2024-09,"음식 진짜 맛있고 사장님 친절함에 반하게되는 맛집
모임장소로 특히 좋아서 강추해요ㅜㅜㅜㅜ🫶🏻",긍정적
2024-06,"회식이라 정신없어 사진을 못 찍었는데,

1. 맛 : 재료갖고 장난 안치시고, 메뉴 하나하나에 정성이 가득합니다ㅎㅎ 정성이 깃든 음식이 맛이 없을 수가 없죠!
2. 술 : 팀원 분들 중에 술 못드시는 분이 많았는데, 장소 정한 제가 무안하지 않게 술 못드시는 분들도 분위기 잘 즐길 수 있게 사장님 이끌어가 주시고 논알콜 메뉴도 다 너무 맛있어서 술 먹는 사람들 보다 음료 더 시켜 드셨어요 ㅋㅋ
3. 기타사항 : 사장님 너무 친절하시고 위트 있으셔서 회식이 더욱 즐거웠어요 ㅋㅋㅋ!! 필요한거 알잘딱센으로 다 챙겨주시고, 보는 사람도 기분 좋게 유쾌하신 모습이 너무 좋았어서 다음 회식 때는 또 안먹어본 메뉴 먹으로 다시 올게요~~~

항상 건강하십쇼!!!",긍정적
2024-02,"🐶반려견 동반 술집🍺
프라이빗한 룸과 함께 다양하고 맛있는 음식과 주류가 있는 곳이다

단독 룸들이 있어서 인원 수에 맞게 예약하고 이용할 수 있다
물론 매장이 넓어서 강남역•양재역 회식자리로 추천한다

강남역에서 데이트 하기 좋은 술집이니
시작하는 연인들에게도 추천한다💕
전통주부터 하이볼, 막걸리 등 다양하다

당연히 댕댕이들 환영해주는 다슬음에서
사랑하는 반려견과 함께 추억을 남기자🐶
바로 옆이 역삼 소나무 공원이 있어서
들어오기 전후로 산책하기 좋다🐕

월요일에는 아롱사태 삶는 날이니
첫 주를 시작하는 월요일에는 아롱사태전골에 술 한잔 어떤가?

먹었던 안주들이 다 맛있어서 다음에 다른 메뉴를 도전해보러 와야겠다

아롱사태전골, 한우 육회, 쭈꾸미차돌철판 추천👍

자세한 내용은 블로그 참고해주세여💕",긍정적
2024-05,안주 하나하나 다 맛있고 술 종류도 많아서 단체 회식히기에도 너무 좋은 곳이에요! 육회도 짱맛~~,긍정적
2024-04,단체로 오기 좋은 강남 룸술집이라 매장도 넓고 좋았어요 ㅎㅎ 술집에서 1++ 홍두깨살로 만든 한우육회도 신선하고 술안주로 굿! 강아지 동반 술집이라고 하니 강아지랑 같이 편하게 오기 좋네요,긍정적
2024-07,"칙칙한 남자들끼리 모임이었는데 특별한 날이기도 했고 사장님께서 너무 친절하고 재밌게 대해주셔서 즐겁게 하루를 마무리 했습니다!!
기본적으로 룸 형식으로 되어있어 대화하는데 불편함이 없었으며 공간도 적절히 넓어 너무 편하게 술자리를 가졌습니다",긍정적
2024-04,아늑한 룸 분위기라 단체로 가도 너무 좋고요!! 츠루유메 유즈 진짜 너무 맛있어요!!!!! 하이볼로도 주문 가능하니까 꼭꼭 드셔보세요!!💓,긍정적
2024-02,"생각보다 내부가 넓고, 요리주점답게 메뉴가 훌륭했습니다. 맛있었어요. 주류가 다양하고, 주문한거 다 맛있어서 신나게 즐겼어요.

단독 룸도 넓고 깔끔하고 좋았는데, 일반 좌석도 커튼이 있어서 치면 우리끼리 분위기 좋았어요. 하이볼도 맛있었구, 편안하게 시간을 보냈습니다.",긍정적
2024-04,음식도 너무 맛있고 분위기도 너무 좋고… 특히 직원분들 엄청 친절하세요!! 강남 근처 살았으면 매일 여기로 퇴근하고싶어질 정도🥹 뭐하나 빠지는거 없는 집이에요/ 술한잔 하기도 너무 좋아요 짱짱 맛집 분위기 맛집 쵝오임😏,긍정적
2024-06,단체모임에 최적의 장소입니다,긍정적
2024-02,"강남역에서 찾기힘든 분위기 좋은 룸술집이에요 !
육회가 정말 신선하고 도톰하니 양도 꽤 많았구요
훈제오리는 통후추가 뿌려져서 그런지 질리지않고 맛있게 잘 먹었습니다 :)
주류종류가 다양해서 개인 취향에 맞게 마실수 있어요
양주안주맛집 조용하고 분위기 좋은 다슬음 다음에 또 올께요!",긍정적
2024-06,분위기 좋은 요리주점이었어요! 사장님도 굉장히 친절하시고 무엇보다 요리들이 다 맛있어요~~이제야 여기를 알다니!!,긍정적
2024-06,"다녀오고 나서 자꾸 생각나는 술집은 잘 없는 편인데 다슬음은 계속 기억에 맴도는 곳이에요‼️ 음식도 맛있었고 분위기도 좋아서 꼭 다시 재방문하고 싶은 곳인데요~ 프라이빗하게 공간이 다 나누어져있어서 아늑하게 술 한 잔 할 수 있고, 안주도 다 맛있고 퀄리티가 좋아서 중요한 약속 있을 때 꼭 다시 갈거에요~~",긍정적
2024-03,분위기 좋은데 맛까지 좋았어요~^^ 술집위주라 다양한 안주 여서 기대 안했엇는데 맛있게 먹어 술술 들어가요~^^ 친절하기까지 하시고 3박자 다 갖추어져 재방문 1000% 입니다 안주도 다양하고 술종류도 진짜 많아요~^^,긍정적
2024-05,"인천, 용인, 안산에 사는 사람들이 강남에 모여서 놀기로 했는데, 전에 가보려다 예약 다 차서 못갔던 다슬음 예약 되가지고 다녀왔습니다!!
사장님이 진짜 술에 진심이셔서 술 추천, 맛있게 마시는 법, 괜찮은 안주 등등 진짜 섬세하게 알려주셔서 진짜 최고였네용ㅋ ㅋㅋ

술샘16에는 기본 토닉워터, 해골모양 스컬 매실맛 저 술에는 홍차 토닉워터 조합으로 굿굿이었슴당
안주도 맛있고 ㅎㅎㅎ 담에 또 갈게용",긍정적
2024-03,일단 룸형태로 되어있어서 2차로 가서 대화하기 좋다. 메뉴도 진짜 많아서 여러사람이 가면 여러개 시켜놓고 한입씩 맛보기 좋을듯...! 맛도 좋아서 맛있게 잘 먹고 갑니다,긍정적
2024-03,"친구 생일 파티하기 좋은 양재역 단체 룸술집 !! 매콤한 갑오징어 볶음이 계속 머리에 떠다니네요 맛있어서 ~~~
술 종류 엄청나게 많고 안주도 엄청나게 많아요 ~~~",긍정적
2024-02,커튼을 치면 공간이 분리가 되니까 어수선하지 않고 좋네요! 그리고 음식 메뉴랑 술 종류가 진짜 다양해서 앞으로 자주 갈 것 같아요 이번에 닭이 재료소진이라 닭요리들을 못 먹어서 아쉬운데 다른 메뉴들 시킨것도 너무 맛있었네요 그리고 여기 생맥 진짜 시원하고 맛있어요!🙏🏻,긍정적
2024-07,"역에서 좀 거리가있어서 가는동안 너무 더웠는데 도착하자마자 시원해서 극락갔음

음식 다 맛있음 특히 알바분들 말고 직원분? 께서 설명을 잘 해주셔서 맛나게 먹고 친구들이랑 재밌게 놀다옴",긍정적
2024-04,커튼있는 넓은 실내에서 프라이빗하게 술마시기 너무 좋아요 ㅎㅎ 안주도 맛있고 분위기가 좋아요!!,긍정적
2024-02,빙탄복에 유자주까지 야무지게 마셨는데 빙탄복 완전 강추예요! 유자주는 언더락으로 토닉워터랑 마시는 걸 추천해주셨구 빙탄복은 그냥 마셨는데 청량감 있는 복분자 맛인데 진짜 맛있는 술이었어요! 사장님도 친절하시고 한우 육회도 맛있었고 커튼으로 분리가능해서 공간도 넓으면서도 프라이빗하게 술 마실 수 있어서 너무 좋았어요! 강추드립니다!,긍정적
2024-06,5명이 방문했어요. 5-6인상 세트메뉴 먹었는데 구성도 너무 알차고 다 맛있어요. 술 종류도 다양하고 사장님께서 어울릴만한 걸로 추천해주세요. 최고에요. 다음에도 또 여기서 모임하기로 했어요,긍정적
2024-04,강남 양재 술집 조용하다 보니 단체로 방문해서 대화 나누기에도 좋았고 안주들도 맛있어서 술 한잔 하기 좋았어요,긍정적
2024-06,프라이빗한 강남역 술집 찾으신다면 여기 추천드려요! 술이랑 안주 종류도 다양해서 모임하기 딱 좋음🙆‍♀️🧡,긍정적
2024-04,"여기 완전 추천♡♡
분위기도 좋고 프라이빗해요 ㅎㅎ
그리고 음식맛 대박 맛있어요!!!",긍정적
2024-03,"여자친구랑 처음가봄! 예약하고 갔는데 사장님 진짜 엄청 친절하셔서 👍👍
닭도리탕이랑 육회시켜서 먹었는데 크,, 맛있었어요
한우육회 담에도 먹을듯 ㅎㅎ
재방문의사 있음!",긍정적
2024-04,"미미!!

정말 모든 메뉴가 맛있어요!!
훈제오리까지 맛있을 일인지!ㅋㅋ
명란 못 먹는 사람도 명란 부추전 너무 맛있게
잘 먹었구요!! 특히 트러플 짜파게티...
특별한 기술을 요하지 않는 음식들마저
전부 맛있어서 먹으며 계속 감탄감탄!!

사장님, 직원님들 너무 친절하시고 훈훈합니다..❤️‍🔥",긍정적
2024-05,강남에서 단체모임 하기 쉽지 않은데 여기 넘 좋네요. 다음에 또 와야겠어요.,긍정적
2024-01,뱅뱅사거리 밥과 술을 즐길 수 있는 술집~! 메뉴도 다양하고 음식도 다 맛있었음 무엇보다 자리마다 커텐이 있어서 프라이빗한 분위기 짱. 친구랑 오랜만에 만나서 느긋하게 술 마시기 좋음. 술 종류도 다양하고~!,긍정적
2024-03,분위기도 좋고 안주도 정말 맛있는 프라이빗한 술집이에요💓재방문의사 100000% 입니다! 양재에서 술집 찾으시면 다슬음 꼬옥가세요 정말 최고입니다ㅎㅎㅎ 안주도맛있고 술도다양해서 넘냐좋아요!,긍정적
2024-03,"양재역이나 강남역에서 분위기 좋은 룸술집을 찾는다면 여기 완전 강추에요!! 분위기 대박 좋고 단체도 소수도 모두 가능해요
음식도 감자전이랑 차돌쭈꾸미 필수 주문하세요!!!

*업체에서 할인받아 직접 체험 후 솔직하게 작성했습니다",긍정적
2024-05,"사장님이 너무너무너무 친절하세요 ㅠㅠ쏘 스윗...
회식으로 왔는데 8명 모두 너무 좋았다고 했습니다.
하이볼이 너무 맛있어서 종류별로 다 먹고, 안주도 다 맛있어서 여러번 시켰어요 ㅋㅋㅋ
감자채전은 3번이나 먹었습니당...
비싼 유자 하이볼...그것도 6번 넘게 주문한듯여 ㅋㅋ
강남에서 회식한다면 담에 또 가겠습니당😘😘",긍정적
2024-04,"양이 엄청 푸짐하고 맛있어요~
테이블마다 가림막이 있어서 편하게 먹을수 잇었어요",긍정적
2024-06,"동료들과 육회, 차돌박이 쭈꾸미, 곱창전골 먹었는데 진짜 다 맛있었고 사장님이 친절하시더라고요. 테이블마다 독립된 구조라서 대화하기도 편하고 좋았어요. 재방문 의사 100%",긍정적
2024-04,뱅뱅사거리 가성비 좋은 한식주점,긍정적
2024-05,"대화하기 좋은 공간과 맛있는
음식 모두 만족했어요",긍정적
2024-04,진짜 매콤하고 너무 맛있어요!!또올게요!!!,긍정적
2024-04,짱맛탱 ㅋㅋㅋ 룸술집 분위기 완전굿,긍정적
2024-05,공간이 다 분리되어있어서 좋아요!,긍정적
2024-09,👍👍👍👍👍,긍정적
2024-03,테이블마다 프라이빗하게 커튼이 쳐져 있어서 일행들끼리 수다떨기 넘 좋아요! 데이트하거나 소개팅 하기에도 좋습니다. 안주가 다 퀄리티가 좋아서 이것저것 시켜먹어도 다 맛있어요!!무엇보다 직원분들이랑 사장님이 엄청 친절!회사 근처라 종종 방문합니다♥️,긍정적
2024-02,"먹느라 사진을 못찍었어요ㅠ 모임 끝나갈때쯤 하나 찍어왔내욥..
청첩장 모임으로 다녀왔는데 너무너무 만족스러웠습니다!
음식이 모두 맛있어요. 안주들이 다 맛있어서 뭘 시켜도 실패가 없고 세트메뉴 구성도 좋아요! 사장님 너무 친절하시구 서비스도 센스가 넘치십니다!!
초대한 사람도 너무 만족스러웠지만, 지인분들도 어떻게 이런곳을 찾았냐고 여러차례 얘기하시더라구요. 다음에 모임 있으면 또 오려고해요! 저희는 룸 예약이 다 차서 캠핑룸으로 했는데 커튼이 있기때문에 저희끼리 대화하기 괜찮았습니다ㅎㅎ
마지막까지 잘 응대해주셔서 너무 감사합니다. 덕분에 좋은 시간 되었어요. 많이파세요!",긍정적
2024-06,분위기너무좋아요 단체로가기도좋고 직원분들너무친절하시고 나중에또모임있으면또예약해서가고싶어요,긍정적
2024-02,안주도 맛있고 술 종류도 다양해서 생일 모임있을 때마다 오는 곳! 새벽까지 영업해서 더 좋아요~,긍정적
2023-11,"오랜친구들과 오랜만의 단체모임이라
강남에서 프라이빗한 곳 그중에서도
안주가 맛있는 곳 찾다가 발견한 다슬음

목소리 큰 사람들이 많아서 걱정했는데
단체룸이 많아 대화함에 있어 부담 없는 곳이라
좋았고 안주는 사실 기대안했는데

너무! 너무너무 맛있어서 꼭 단체가 아니더라도
종종 와야겠다는 생각이 들었다

어쩜 나오는 음식마다 정갈하고
푸짐하던지 순식간에 사라질정도로
모두의 입맛에 잘 맞아 절로 기분이 좋았던 곳!

바쁜와중에 직원분들 모두 친절해서
너무 감사드렸고 인원수변경이 있었는데
그에 맞는 룸으로 금방 정비해주셔서
죄송스러우면서도 감사했다

강남에서 단체모임 또는 맛있는 음식과
다양한 술이 생각날 땐 다슬음으로👍🏻

잘먹었습니다 ☺️",긍정적
2024-08,,알 수 없음
2024-01,급작스럽게 방문을 했는데 다행히 웨이팅이 없어 좋았어요. 전골도 어묵이랑 채소가 많이 들어있어 좋았어요. 부리타치즈 샐러드를 시킨건데요. 저는 처음엔 뭔 샐러드가 2만원이 넘냐 했거든요. 나온 양과 맛을 보고 2만원 넘게 내고 먹을 만하다고 생각을 바로 바꿨어요.,긍정적
2023-12,"남자 사장님? 엄청 친절하시고 안주도 양 많고 전부 맛있고
나중에 단체모임 할때 재방문 할 것 같아요
일단 매장이 전체적으로 너무 깔끔해요
겨울에 외투같은거 실내 들어가면 걸리적 거리는데 짐 보관할 수 있는 바구니도 있어서 너무 좋았습니다
가게는 따뜻하다 못해 더웠어요 ㅋㅋ 👍",긍정적
2024-01,"룸형태 술집이라 단체모임이나 데이트코스로 좋아요!
안주랑 술이 진짜 다양했고요, 분위기는 진짜 미쳤어요!
데이트코스로도 좋아요 ㅎㅎ
쭈꾸미 존맛 육전도 짱 맛있어요!!",긍정적
2024-06,사장님이 너무 친절하시고 맛있는 술을 많이 추천해주셔서 정말 즐거운 시간 보냈어요! 친구들 모임할때 자주 올것같아요 음식도 맛있었어요 서비스도 감사합니다👍👍,긍정적
2023-12,프라이빗하게 마실 수 있어서 분위기도 좋고 메뉴나 주류가 다양해서 여러가지 맛보긴 참 좋더라고요. 맛도 무난하게 맛있고 술도 골라먹는 재미가 있어서 좋았어요! 퇴근하고 바로오면 만석일 정도로 이근처 직장인들한텐 핫플인거 같아요.,긍정적
2024-02,"진짜 넘 맛있구 좋았어요!! 단체 회식으로 딱임!!

*서비스 제공 받아 솔직하게 작성함",긍정적
2023-12,"작년에 이어 올해도 송년회는 다슬음에서!
셋트 메뉴 구성이 너무 좋아서
다른 메뉴 고민할 필요가 없어요~
사장님께서 또 온거 알아봐주셔서 더 좋았어요!",긍정적
2023-12,"회사 회식 장소를 찾는데 센스있는 팀원 분이 찾아낸 곳! 회사에서 좀 걸어가긴 해야했지만 12명이 들어갈 룸도 있고 안주도 술도 다양하고 무엇보다 병당 2만원인데 맛 괜찮은 레드와인도 있어서 너무나 성공적인 회식을 마칠 수 있었습니다.

회식하고 리뷰를 남기진 않는데 사장님이 너무…너무 친절하시고 편안하게 해주셔서 감사해서 남깁니다. 조직개편 전 마지막 회식이었는데 덕분에 좋은 시간 보낼 수 있었습니다. 다른 분들께도 추천하고 또 회식 있을 때 가고자 합니다.",긍정적
2024-03,"청첩장 모임으로 예약하고 다녀왔어요!
너무 신나게 먹고 즐기느라 사진을 못 찍었지만ㅠㅠ
음식 하나하나 다 너무 맛있고 정갈해요.
진짜 맛없는 요리가 하나도 없어요!
뱅뱅사거리 쪽이라 거리는 살짝 있지만 그걸 상쇄하고도 남을 정도로 음식도 완벽하고 장소도 분위기도 좋았습니다!
사장님께서 결혼한다고 선물도 챙겨주셔서 얼마나 감사했는지 몰라요ㅠㅠㅠ😍😍
남편도 제 얘기 듣더니 다슬음에서 청모하겠다고 하네요ㅎㅎ

단체석도 완벽히 구비되어 있고 프라이빗해
청모, 단체 모임으로 제격이구요
사장님 너무 친절하시고 잘 챙겨주셔서
만족감 5000프로 이상입니다😍😍

다음엔 남편과 둘이 방문할게요!
사장님 번창하세요~~~",긍정적
2024-02,"막내라 회식장소 고민하다가 여기 다슬음으로 결정했는데, 너무 좋은 선택이었던 거 같아요☺
프라이빗한 공간이라 대화도 잘 되고, 팀장님도 장소 잘 선택했다고 해주셨습니다ㅎㅎㅎ
음식도 맛있고 너무 친절하셔서 기분 좋게 회식하고 왔어용!",긍정적
2023-11,매장 짱넓은데 테이블마다 천막쳐져 있어서 프라이빗하게 놀 수 있어서 좋았어요❤️ 보니까 단체로 오면 안에 룸이 있는지도 모르게 비밀스러운 공간으로 안내해주시더라구옄ㅋㅋㅋ 술종류도 짱많구 하이볼도 종류 엄청 많아서 골라마시는 재미가 쏠쏠했어용👀💕 안주들도 종류 다양한데 고르는 것마다 레알 맛도리고 사장님하구 직원분들 다 너무 친절하셔서 씐나는 토요일 보내다 갑니다아>_<❤️❤️,긍정적
2024-01,"뱅뱅사거리 근처에서 발견한 요리주점 다슬음!
분위기가 고급쪄서 좋고 안주가 다양한데 술도 엄~~ 청 다양해서 더 좋았답니다.
날이 추워서 아롱사태전골 주문했는데 술과 너무 잘어울리는 깔끔한 국물맛에 반하고 왔습니다.",긍정적
2024-02,분위기도 너무 좋고 데이트에도 추천드려용! 친구랑 수다떨면서 즐거운 시간 보내고 취하고 신났네요 ♡ 사람 많아서 예약하고 가면 좋을 듯 합니다! 안주도 맛있고 술도 짱이에요~~~,긍정적
2023-11,"다슬음 너무 맛있는 술집이에요!
우연히 회식때 갔다가 넘 맛있어서 재방문했어요😆좌석도 독립된공간이라 프라이빗하게 편하게 놀수있구, 음식도 배불리먹고 주류종류도 엄청 많아서 2차까지 옮길필요가 없능 곳입니다👍🏻
담에 또갈게요",긍정적
2024-03,애견동반된다고 해서 방문했는데 자리도 넓고 사장님도 엄청 친절하셨어요~!!,긍정적
2023-11,"너무 좋았습니다! 안주도 맛있고 술도 다양하고 사장님들도 너무 친절하시고!!!
친오빠랑 술 찌끄리러 갔는데 담엔 칭구들이랑 남편이랑 또 오고 싶은 맛이에요!
참소라무침에 소면추가 꼭 해서드세요 최고존엄임",긍정적
2024-05,"음식과 물에서 뭔가 자꾸 나왔지만,,,친절하셔서 기분이 크게 나쁘진 않았습니다~",부정적
2024-05,외국 손님 모시고 방문했는데 아주 만족스러웠습니다 재방문의사 10000000배 입니다,긍정적
2024-02,고급스러움이 남다른 곳이라 모임하기 너무 좋았어요:) 함께한 사람들 모두 분위기도 좋고 안주도 맛있다고 하네요:) 모임장으로써 뿌듯했습니다 ☺️☺️,긍정적
2023-11,사장님 너무너무너무 친절하시고 강남역 근처 룸 회식장소 찾다가 처음 예약한 곳이라 걱정이 조금 있긴했는데 걱정 노!!!!!!! 음식 세트로 시키고 단품 추가해서 거의 10종류 먹었는데 다 맛있고 룸도 깔끔하고 같이 가신 분들도 다 좋다고 또 와야겠다고 하실정듀임!!!! 강추드려용,긍정적
2024-03,"청첩장 모임을 이곳에서 했는데
음식 퀄리티도 굳이고
거기다가 반려동물도 되고 룸 형식의 자리다보니
편하게 대화도 하고 여러명이 있는 공간임에도 저희끼리만 있는 듯한 느낌이 들어 너무 좋았습니다
청모는 여기 다슬음에서!",긍정적
2024-02,"처음 방문해보았는데 기대이상이었어요. 술종류가 너무니도 다양해서 놀랐고, 음식도 완전 굿... 2차로갔어서 배가부른상태라 아쉬웠지만 다음엔 1차로 방문해보려구요!!! 그리고 사장님이 정말 너무친절하셔서 놀랐어요 ㅋㅋㅋ 애견동반도 가능하다고하니 강아지키우시는분들한테도 좋을거같더라구요!",긍정적
2024-02,세트메뉴가 있어서 단체로 이용하기에 딱이였네요~메뉴들도 하나같이 다 맛있었고 할인된 가격으로 먹을수 있어서 더 좋았어요!!,긍정적
2024-03,"진짜진짜 마음에 드는 곳이에요!
회사 주변에 이런 곳 잘 없는데, 이렇게 프라이빗한 곳 찾아서 넘 좋아요 🤧🤍
음식도 다 맛있습니당 〰️〰️〰️",긍정적
2024-04,안주가 너무 맛있었습니다 하나같이 간도 딱맞고 흔한 강남에있는 술집들과는 차별되는 안주들이었어요!!,긍정적
2023-12,"분위기가 깔끔한 술집입니다.
좌석도 넓고 편한데 전체 좌석이 다 프라이빗하게 분리되어 있어서 편해요.
역삼동 직장인들 회식하기에 좋은 것 같고 서비스도 친절하여 만족스러웠어요.",긍정적
2024-04,"룸이 넓고 쾌적했습니다. 룸 크기에 따라 정해져 있는 최소 세트 메뉴 규정은 먹고 싶은 것 먹을 수 있는걸 제약받는 느낌이라 좀 아쉬웠고, 음식은 괜찮았는데 훌륭한 정도까지는 아니었습니다.",긍정적
2024-05,음식도 맛있고 특히 사장님 친절함에 감동,긍정적
2024-03,"너무 맛있었습니다 메로구이 진짜 최고였어요
좋은 사람들과 좋은 시간 가지고 갑니다",긍정적
2023-12,"아롱사태 전골이 다른 곳과 다르게 깊은 곳에
나와요! 육수 리필 되고 거기에 우동사리 진짜 강추입니다!!! 뚝뚝 끊기지 않고 쫄깃한 우동면입니다
육회도 신선하고 맛있었어요!!",긍정적
2024-02,양재쪽 오셔서 프라이빗한 술집 찾으시면 여기가 최적의 술집일듯해요~^^좌석도 나눠져있어서 프라이빗 그 자체더라구요~!,긍정적
2024-01,단체회식으로 여기보다 최적화된 술집은 양재에서 보기 힘듭니다. 메뉴의 다양성이 전문성에 전~~혀 문제가 되지 않아요 진짜 맛있어요 회사가 주변이었다면 배달이나 그냥 점심먹으러 오고 싶을 정도에요 친절하시고 굿굿!!,긍정적
2024-03,음식이 맛있고 세트메뉴도 괜찮아서 1차로 와도 좋아요,긍정적
2024-04,굿!,긍정적
2024-02,강남역이랑 멀지 않아서 찾아가기 편했습니다~ 단체 룸도 있어서 회식하기에도 좋았고 음식도 맛있어서 다들 잘먹고 왔어요 ㅎㅎ,긍정적
2024-02,고등학교 선후배들과 금요일 저녁에 방문했습니다 일단 사전 전화응대 매우 친절하시고 방문했을때 직원들도 아주 친절했습니다 남자 사장님 메뉴 설명 너무 잘해주시고 처음인데도 살뜰하게 잘 챙겨주셨어요 그래서 오랫만에 만난 고등학교 선후배들 모두 만족스럽다고 칭찬 받았네요 ^^ 창문도 있어서 룸이 답답하지 않아서 좋았고 음식 세트 구성으로 시켰는데 안주 하나하나 음식하나하나가 정성이 들어있어 좋았습니다 물론 맛도 좋았구요 술도 다양해서 골라서 먹기 너무 좋았습니다 좋은 시간 가질수 있게해주셔서 감사하고 다음에도 또 방문할게요^^,긍정적
2023-11,"들어가면 일반 술집 같지 않아서 당황스러울 정도로 인테리어가 되있구 공간 분리가 잘되있어요.
안쪽에는 룸도 있더라구요.
분위기좋고 술종류도 많고 음식도 맛이 좋구 다양해서 모임하기 좋은거 같아요.
무엇보다 남자사장님이 진심 진짜 엄청 친절하시더라구요.
감사했습니다",긍정적
2023-12,"연말에 청첩장 모임으로 강남역 부근을 열심히 서칭하다가 찾은 다슬음!! 시끄러운 강남 술집이 싫어서 분위기가 좋고 대화하기 좋은 곳을 찾다가 사장님이 친절하다는 평을 보고 예약했는데..!
평 그대로 사장님 너무 나이스하시고 친구들도 여기 코스요리냐며 너무 음식 다 맛있고 재밌게 잘 놀았어요~🔥😊

연말 청첩장 모임 너무 잘했고 직원분들이 결혼 축하한다면서 작은 선물을 주시는데 너무 감동🥹
다슬음 번창하시기 바래요!! 다음 모임에도 또 찾을게요~",긍정적
2024-01,안주가 정말 다양해서 뭘먹을지 고민이 되는 곳이에요. 뭐 음식값이 저렴한 곳은 아닌데 그만큼 깔끔하고 퀄리티 있게 나오고 일단 맛이 좋네요.ㅎㅎ 무엇보다 인테리어가 독특해서 신기했고 함께간 일행 들하고도 눈치 볼것없이 편하게 대화 할수도 있어서 룸느낌으로 술안주 드시고 싶다면 추천해요!,긍정적
2024-01,"운좋게 대기없이 바로 들어갈수있었어요
한우 꽃 육회가 진짜 맛있네요
공간도 멋있어서 생일파티 소소하게해도 좋을것같아요
신년회 단체로 할만한 장소가 사실 많진 않은데
최적이네요. 장소도 장소지만 분위기가 넘 좋아서
사진찍어도 이뻐요 ㅎㅎ
만남약속의 성지 강남역에 이런곳이 있어서 참 좋네요",긍정적
2024-02,곱창전골 시켯는데 순간 공기밥 추가할뻔했네요 ㅎㅎ 국물도 맛있고 곱창도 많이주셔서 술마시는 내내 든든했어요~,긍정적
2024-02,프라이빗한 느낌이라 대화하면서 술한잔하기도 좋았고 무엇보다 안주 퀄리티가 좋아서 술이 술술 들어가더라구요~~,긍정적
2023-11,사장님 짱! 오랜만에 12명이 다 모이게 되어서 룸술집을 찾다가 알게되었어요. 단체 모임하면 이집입니다!! 특히 이 샤넬룸이 딱 우리끼리만 놀기 좋았어요. 간만에 여러명이서 웃고 떠드니 힐링도 되고 조명도 너무 이쁘더라구요. 그리고 특별한 날이라고 선물 주신 사장님 ㅠ 감사합니다. 서비스로 먹은 차돌숙주볶음 제 돈주고 다시 사 먹고 싶을 정도로 정말 맛있어요. 다음에 차돌숙주볶음 먹으러 다시 뵙겠습니닼ㅋㅋ 서울에 좋은 추억 주셔서 감사합니다. ♡,긍정적
2024-02,"테이블이 적당히 분리되어있어 아늑합니다. 안주와 술 종류가 다양한데요, 비싼편이지만 맛이 좋아 불만은 없습니다.",긍정적
2024-02,10명이 이용할곳 찾다가 룸이 있어서 오게되었는데 거짓말안하고 10명 다 만족했어요 ㅎㅎ 다들 맛있다며 난리도 아니였네요,긍정적
2024-02,여기 사장님 직원분들까지 너무 친절하고 음식도 너무 맛있어요! 벌써 올해 두번째 방문인데 진짜 최고예여!👍,긍정적
2024-01,양재에 데이트하는데 처음보는 술집이라 매장에 방문하게됬는데 일단 가게분위기가 너무 좋네요. 룸 느낌으로 공간이 따로 있어서 너무 좋았고 술마시기에도 안주도 너무 좋았습니다. 한우육회 진짜 신선하고 맛있었어요. 술이랑 마시는데 끝없이 들어가게 끔 만드는 맛이었습니다 ㅎㅎ 앞으로도 또 자주갈 거 같아요! 다음에는 문어 숙회 먹어봐야겠습니다:) 번창하세요!,긍정적
2024-01,양재 주변 술집중에 화려한 인테리어와 대형룸이 있는 곳이 있었다는걸 지금 알았네요ㅎㅎ 음식 종류가 굉장히 다양한데 다 너무 맛있었습니다. 커튼으로 프라이빗한 공간이 완성되고 회식하기에 여기보다 최적화된곳은 못봤네요 투뿔 한우꽃육회는 육회 전문점에서 판매하는 수준 이상입니다. 술이 술술들어갔네요 추천추천!! 직원분들도 넘 친절해요^_^,긍정적
2023-10,"얼마전부터 정말 먹고 싶었던 한우육회! 평소에 먹던 육회보다 두툼한 두께인데도 1++ 홍두께살 육회라서 그런지 입안에서 시원하게 살살 녹아내리는 식감이에요! 간도 적당하게 잘 베여있어 단짠스러운 맛에 사이드로 나온 배와 새싹채소,미나리와 곁들여 먹으면 싱싱+신선함을 가득 느낄 수 있어요!",긍정적
2024-01,양재역술집중에 가장 규모가 크고 음식메뉴의 퀄리티가 훌륭합니다. 아늑하고 분위기 끝내주는 인테리어의 개별룸이 굉장히 많이 있어서 회식이나 모임에도 최적화 되어있는 곳 이에요. 투뿔한우 육회와 차돌박이쭈꾸미를 먹었는데 전문점급이더라고요 ㅎㅎ 회사가 주변이라 회식장소로 추진해볼게요!,긍정적
2023-10,"정말 맛있는 요리주점이고 반려동물까지 같이 데리고 갈 수 있는 곳이라 취향저격이었습니다 사장님도 정말 친절하시고요!! 술도 종류가 다양해서 좋고 프라이빗한 공간으로 모임 장소로도 아주 탁월한 곳이에요 강남에 회식장소로 딱일듯합니다
특히나 감자채전 아롱사태전골 맛있고 다른 메뉴들도 맛있고 푸짐할거 같아서 잔뜩 기대되는 곳이에요",긍정적
2024-04,"친절하더라구요~음식도맛있구요
대만족입니다^^",긍정적
2024-02,술마시러가면 가끔 목소리 커지는사람들있어서 눈살찌푸리게 되는데 여긴 그럴일 없어서 좋아요 ㅎㅎ 안주맛도 기대이상이였습니다!,긍정적
2024-02,분위기면 분위기 안주맛이면 안주맛 완전 여심 저격하는 곳이였어요!! 뱅뱅 사거리 술집 찾으시면 추천드립니다~~,긍정적
2023-12,더블 데이트를 했는데 프라이빗 룸이 있어 좋았어요 너무 단독적이지는 않고 커튼으로 가려서 적당히 프라이빗한 곳을 찾고 있었는데 딱이에용! 그리고 만들어놓으신 메뉴 조합이 너무 좋아요 가격만 맞으면 다른 메뉴로 바꿀수있는것도 좋더라구요 음식도 모두 양이 많고 맛있어서 좋았어요 좋은 추억 만들고 갑니당❤️,긍정적
2024-02,감바스 주문했는데 진심 이가격에 이퀄리티 가능한거에 놀랐어요~~와인은 없지만 와인을 부르는맛입니다,긍정적
2023-12,"강아지와 사람 5명 모임이었는데 너무 잘 먹고 즐거운 시간 보냈습니다.
음식들 다 너무 맛있었고 술도 하이볼까지 종류 많고, 직원분들이 모두들 친절하셨어요.
저희 말고도 2,3팀이 애견동반 이었는데 커튼이 쳐져있으니 다들 조용히 잘 있어줬습니다.
강아지 물그릇이랑 고구마 간식도 챙겨주시고 진짜 너무 감동이었어요!!
다음에는 강쥐 두고, 차 두고 가서 저도 술 마실래요!!",긍정적
2024-02,강남/양재역 근처 강아지 동반 술집 중 최고 💛,긍정적
2024-03,사장님이 너무 잘해주셔서 좋았습니다 4명이서 갔는데룸도 잘되어있고 모임하기 좋습니다!,긍정적
2023-12,"친구들과 연말 모임으로 방문했어요 ! 룸형식으로 되어있어서 4-6 모임으로 적합한 장소라고 생각했어요 :) 바쁜데도 음식 나오는 속도가 엄청 느리진 않았던 것 같아요 전체적으로 다 맛있는데 수제비에
민물새우가 많아서 먹기 불편했오요 .. 🤣 그래도 추천드립니당 ><

+ 아 추가로 당시 연말 금요일이라 전체 인원이 다 늦는 상황이라서 10분정도 늦는다고 사장님께 전화 드렸는데 따뜻한 말투로 이해해주셔서 감사했어요 ! 새해 복 많이 받으세요 ㅎㅎ",긍정적
2024-02,친구 생일이라 룸으로 예약해서 방문했는데 생일파티하기 딱이였어요 ㅎㅎ 분위기도 고급져서 넘 좋았다구요 ㅋㅋㅋ,긍정적
2023-10,"너어어어어어무 맛있음 안주가 ㅜㅜ
진짜… 살면서 이렇게 맛있는 닭똥집 처음먹는다고 친구랑 찬양함
육회도 존맛이고요
안주가 다 퀄리티있고 맛이 보장되어있어요",긍정적
2023-09,뱅뱅사거리 술집 브레이크 타임 끝나자마자 한잔하고싶어서 왔어요! 좌석 테이블마다 프라이빗한 분위기로 아늑하게 데이트하기 좋아요! 차돌샤브와 훈제오리 먹었는데 생맥 소주 사케 와인까지 주종도 다양해요~ 분위기는 엄청 고급지고 프라이빗한데 가성비좋아요❤️ 뱅뱅사거리술집 강추합니다!,긍정적
2024-02,탕 시켯는데 너무 시원하고 개운해서 아저씨처럼 크~소리만 몇번을 냈는지 ㅋㅋ 소주가 술술 들어가더니깐요!,긍정적
2024-01,단체 모임하기 너무 좋은 곳입니다! 인테리어도 엄청 깔끔하고 커텐도 쳐져 있어서 방해 받지 않고 술마실 수 있어 좋았습니다 ㅎㅎ 안주도 맛있고 술종류도 엄청 많요! 그리고 사장님 직원분들이 너무너무 !! 친절하세요. 모임원들한테 장소 너무 잘 잡았다고 칭찬 받났네요 ㅋㅋㅋㅋ 정말 강추입니다 ! 👍🏻,긍정적
2023-12,8명이 방문해서 너무나 즐겁고 맛있게 먹고 왔어요. 친구들도 대만족입니다. 연말 모임하기에 딱이네요. 부부 사장님이 너무나 유쾌하고 친절하게 응대해 주시고 직원분들도 친절하세요 .다음모임에 뵈어요.,긍정적
2024-03,"다음에 또 갈거에요
사장님 엄청 친절하시고 음식도 맛있고
인테리어도 좋아요
흠이 없습니당ㅎㅎ",긍정적
2024-02,이런 룸스타일 술집을 선호하는편인데 대화하기 편해서 좋았습니다~! 친구랑 왔지만 데이트하러 오기에도 딱일듯해요 ^^,긍정적
2024-01,룸있는 매장 찾다가 방문했는데 룸 컨디션 좋아서 이용하기 좋았어요. 음식도 깔끔하고 맛있네요 ㅎㅎ 메뉴가 다양해서 재방문 할듯,긍정적
2024-01,"육회 진짜 맛있어요 ㅠㅠ
매번 강남역 메인상권에서 놀다가 오랜만에 조금 나왔는데 좋은곳 찾아서 너무 기분이 좋습니당 ㅎㅎ
또올게요 번창하세요~^^",긍정적
2024-02,분위기 너무 좋고 안주도 다 맛있었어요,긍정적
2024-02,"사장님 너무 친절하시고 술종류가 엄청 다양해요.
안주 종류도 많고 하나하나 존맛탱이에요..
꼭 가보세여!",긍정적
2023-08,"음식 개맛있어요! 생일날이라서 갔는데 계란찜 서비스로주셨어요!
강남에서 조금 거리가 있어서 아쉬울것 같지만, 맛난 안주랑 술 먹으러 지인끼리 즐기러간다면
아주 좋아요!😊 사장님부부 너무 친절하세요",긍정적
2024-04,40대들에게는 그냥,부정적
2024-02,프라이빗하기만한게 아니라 분위기도 지려요 ㅠㅠ 전골 주문해서 먹었는데 추웠던 날이라 몸도 노곤해지고 좋더라구요~!,긍정적
2024-02,술 자체도 엄청 맛있었구요! 밥을 못먹고 간거라 쭈꾸미에 감자전 주문했는데 나오자마자 20분만에 다먹은듯요…ㅎㅎ 술집이아니라 밥집인줄알았네요^^,긍정적
2024-04,"사장님 자본주의 미소가 되게 인상적(?)이에요
친절합니당
8인석이 많아서 단체모임 하기 좋고 룸은 비싼 세트메뉴 시켜야 들어갈 수 있음",긍정적
2024-02,안주가 딱 나오자마자 플레이팅이 예뻐서 홀딱 반했어요!! 분위기도 너무 제스타일이고 재방문 각이에요!!!ㅎㅎ,긍정적
2024-01,"찾아서 방문!
분위기 넘 좋아따",긍정적
2023-08,"창문이 크고 뷰가 너무 좋아요~! 독립적으로 공간이 분리되어있어서 친구들이랑 이야기하기 너무 좋았어요 ! 데이트 하기도 딱 좋은 분위기에요 ㅎㅎㅎ
메뉴들도 하나같이 다 맛이 좋았어요!! 아롱사태전골 이거 국물 찐이에요 ㅎㅎㅎㅎ 감자채전도 엄청 바삭하고!! 명란구이도 오이랑 싸서 마요네즈?소스에 찍어먹으니 완전 꿀맛이었어요 오ㅏ 짱 ㅠㅠㅠ!!!! 사장님도 정말 친절하셔서 기분이 좋은 맛집이었어요😆💗",긍정적
2024-02,"오징어볶음 존맛탱이에여ㅜㅜ,,,야채도 듬뿍주시고 고기도 질기지않은데 국물맛까지 갓벽했습니다!!",긍정적
2024-01,"이야기 나누기 좋은 곳을 찾다가 가게되었는데 프라이빗하고 대화나누기 좋고 여러명 방문하기 좋은 장소에요! 음식도 깔끔하고 정갈해서 넘 좋았습니다:)
다음에 여러명 모일때 또 가보려구요!",긍정적
2024-01,"남자사장님이 신메뉴라고 추천해주셨는데 너무 맛있었어요♡♡
불판새우+왕주먹밥 완전짱!!!",긍정적
2023-09,"분위기도 너무 좋고 안주들이 정말 맛있었어요!!!
모임하기도 좋고 데이트하기에 완전 딱!!",긍정적
2023-12,음식이 다 맛있어요 하이볼도 골뱅이도 정말 잘 먹었습니다.,긍정적
2023-09,사장님 너무너무 친절하시고 안주도 진짜 넘 맛있었어요! 증류주랑 술이 다양하니 고르는 재미도 있어요~~ 가게도 그렇게 시끄럽지 않고 커튼으로 프라이빗해서 소개팅하기도 좋을듯요!,긍정적
2024-02,술 종류가 다양하고 안주도 다양함 사장님 직원분 모두 친절하시고 프라이빗한 룸 테이블이 좋은 곳,긍정적
2023-09,"조용히 이야기 하기에도 좋고, 사장님 너무 친절하시고용 ㅎㅎ 무엇보다 안주가 다 맛있어요! 과식을 부릅니다 👍🏻",긍정적
2023-06,"뱅뱅사거리 술집 다슬음 ✨✨
역삼동 직장인들 퇴근 후 들러보세요
전체적으로 안주가 너무 마시쏘요..
육회 넘 신선하고 꼬숩고 맛나요 😎
프라이빗한 룸도 있고 자리마다 커텐 있고 분위기 굿 !
소개팅 장소로도 좋아요 😎",긍정적
2023-11,"테이블 사이사이에 커텐이 있어서 아늑하고 조용하게 이야기 나누면서 한잔하기 좋았어요☺️ 사장님도 너무~ 친절하시고, 안주도 맛있어서 새벽 내내 술 마시고 싶은 분위기였습니다!",긍정적
2023-10,단체석이 잘 되어있어서 단체모임에 좋네요! 친구 청첩장 모임이였는데 츅하한다고 소비스도 주시구..히힛😘 안주도 종류가 다양했는데 다 너무 맛있게 잘 먹었구 특히 전 종류들이 너무 맛있었어요ㅠㅠ 감자채전… 진짜 맛도리..🥺 사장님과 직원분도 다들 너무너무 친절하셔서 재밌게 잘 있다 가요~ (너무 시끄럽게 논것같아 죄송합니다🥲),긍정적
2024-01,"사장님부터 직원분들 친절함ON
프라이빗 룸 많음 크고 넓은 룸으로 모임에 좋음
한우육회랑 불판새우 대존맛 술이술술",긍정적
2023-11,"안주 6개 먹었는데 다 맛있었어요.
커텐으로 거의 다 분리되어있어 프라이빗하게 먹고 즐길 수 있어요!
제일 좋았던 점은 사장님들과 종업원들이 넘 친절해서 주문할때마다 기분이 좋아질 정도였어요.
이러기 쉽지 않은데 강추강추
재방문의사 100만프로",긍정적
2023-09,저희는 육회랑 아롱사태전골 시켰는데 요리주점이라는 이름에 맞게 음식들이 너무 맛있었습니다. 전체적으로 시끄럽지도 않고 프라이빗하게 즐길 수 있어서 술 한잔 먹기 좋습니다~,긍정적
2023-11,"안주하나하나 다 재료좋고 고급스럽고 진짜 맛있었어요
9명 송년회했는데 룸이 크고 좋았고
사장님 진짜.친절하시네요 또갈겁니다!!",긍정적
2023-12,"인테리어 좋고, 주류가 다양합니다. 안주는 다양하긴 한데 맛은 평범해요.",긍정적
2023-12,음식이 맛있고 사장님이 무지 친절하세요,긍정적
2023-11,왕 맛있구 친절하시구 분위기도 왕 좋아용!!!!,긍정적
2023-05,정말 제대로된 요리주점이에요. 모든요리가 맛있어요!! 진짜 둘이가서 세개나 시켜먹었어요. 이미 양 많은데 너무 맛있어서 하나 더 먹어보고 싶더라고요. 주류도 다양해서 먹고 싶은거로 각자 시켜먹었어요 모든 좌석 프라이빗하게 룸처럼 즐길수있고 사장님 정말 친절하세요. 그리고 애견동반 주점인데 강아지 너무 귀여워서 심장어택! 저 친구들하고 양재에서 자주 모이는데 꼭 다시 갈께요!!,긍정적
2023-07,"분위기가 좋고 단체모임하기에 딱인 뱅뱅사거리술집이에요.
안주도 맛있고 프라이빗하게 먹을 수 있어서 좋습니다.
한우육회 너무 맛있었어요!!!!👍",긍정적
2023-11,생일파티할겸 찾았는데요~! 룸도 좋았고 사장님과 직원분들 너무 친절하셨고 음식도 푸짐하고 깔끔해서 너무 만족스러웠어요!! 다음에 또 찾아뵐게요~!,긍정적
2023-08,사장님도 친절하시고 자리마다 커튼이 있어서 좋아요!!,긍정적
2024-02,굳굳,긍정적
2023-10,"브라이덜파티했는데 너무 재밌었어요
대화하기도 좋고 음식도 맛났습니다!",긍정적
2023-08,안주가 너무 맛있고 사장님 조아용 ㅋㄷ,긍정적
2023-06,안주가 맛있고 룸도 있어서 단체 모임하기좋아요 사장님과 일하시는 분들이 다 친절한 것도 완전 플러스입니다 ㅎㅎ,긍정적
2023-10,친절하신 사장님. 맛난 음식과 분리된 공간. 모임하기 좋은 공간. 적극 추천입니다. 1번 가고 좋아서 또 다녀왔습니다.,긍정적
2023-05,"육회랑 감자채전을 주문했는데 너무 맛있어요 ~~~
프라이빗하게 대화하기도 좋구 , 분위기더 좋네욤!!
담에ㅜ강아지랑 와야겟오요~",긍정적
2023-09,여기는 재료들이 엄청 좋아요. 사장님이 음식솜씨도 좋아서 안주 하나하나 다 먹어보고 싶어요. 술 종류별로 다 있어서 맨날 오고 싶어요 ㅎㅎ,긍정적
2023-06,강아지도 와도 되서 너무 좋아요!! 한번 보면 무조건 단골되는 곳입니다! 사장님들 너무 친절하시고 분위기도 좋습니다!!,긍정적
2023-04,"주문한 안주 모두 맛있어서 놀랐어요!
전부 분리된 테이블, 프라이빗한 공간에 반려동물 동반도 가능하니 아주 좋더라고요
자주 이용할거 같네요 ~ ! 맛있게 먹고갑니다 👍",긍정적
2023-03,"강아지 데리고 금요일 저녁에 방문했는데, 홀도 만석이고 엄청 바쁜 와중에도 강아지 물, 간식 다 챙겨주시고 자리도 배려해주셔서 너무 감사했습니다.
저희는 육회 감자전 김치전 닭볶음탕 샤브샤브 먹었는데 다 맛있어서 남김없이 싹 먹었어요. 요리가 다 깔끔했고 정성스럽게 만드신게 느껴졌어요!! 위에 키워드 5개 밖에 선택 못해서 아쉽네요. 매장도 정말 청결하고 테이블에 칸막이 쳐져 있어서 모임 장소로 추천합니다. 다음에 육회랑 전 먹으러 또 갈게요!!! ^^",긍정적
2023-04,음식 진짜 최고로 맛있어요~~ 강남에서 이렇게 안주 맛있는 술집은 처음인 것 같아요!! 자리도 프라이빗하게 구성되어있어서 회식하기에 너무 좋네요 👍👍,긍정적
2023-12,분리되어있어서 잘 즐길수 있어요 음식도 맛있음,긍정적
2023-08,사장님도 친절하고 분위기도 좋았어요 가격은 비싼편입니다,긍정적
2023-06,안주들이 다 너무 맛있어요!! 분위기도 좋고 깔끔합니다! 연인들이랑 오기도 좋고 회식하기도 좋아요,긍정적
2023-08,"다 좋은데, 안주가 너무 비쌈.. 강남 술집이라고 해도 양이 가격 대비 너무 적음
모든 메뉴 전체적으로 3~4천원 정도 내려야 합리적인 가격
인테리어 깔끔하고 얘기하기 좋은 술집",부정적
2023-06,유일하게 다니는 가게..편안하고 맛있는있는 음식..가끔 혼자도 가여..,긍정적
2023-07,"직원 분들 너무 친절하시고 인테리어도 깔끔합니다.
음식도 다양하고 퀄리티가 좋아요",긍정적
2023-02,시끌벅적한 술집들과 달리 프라이빗하게 술과 안주를 즐길 수 있어서 수다떨기에 너무 좋았어요. 룸도있어서 회식을 하기에도 너무 좋을 곳입니다. 또 강아지 너무너무 귀여워서 심장아팠내요. ㅜㅜ,긍정적
2023-02,술 먹고 모임하기 딱 좋아요. 육회가 질도 좋고 양념도 너무 적당히 잘 되어 있어요. 불닭갈갈비도 맛있고 술 종류도 다양해요. 사장 아저씨 완전 친절해요! 다음에 또 올게요,긍정적
2023-03,"메뉴 하나하나 다 맛있어요
룸술집이라 방해받지 않고 얘기할수있어서 좋았습니다",긍정적
2023-01,"이렇게 다양한 주류와
안주를 즐길 수 있는 요리주점은 처음 보았다.
게다가 커튼으로 분리된 각각의 좌석은
개별룸만큼이나 편리했다.

앞으로 양재역이나 뱅뱅사거리에서 모임을 가져야될때의 단골집이 생긴 것 같다.",긍정적
2023-02,프라이빗한 분위기가 너무 좋아요😄 기본적으로 안주도 다 맛있고 매장이 넓고 조용해서 대화하기 너무 좋아요💖,긍정적
2023-02,"강남 뱅뱅사거라 근처에 이렇게 조용하면서 분위기있고 안주 맛있는 술집이 생겨서 너무 기분 좋네요 😀😀
가끔 회사퇴근하고 술한잔 간단히 하러 오기에 너무 좋은 분위기 맛집이에여 🍺🍺",긍정적
2024-01,굿굿,긍정적
2023-06,민물새우탕 육회 최고!!,긍정적
2022-12,"프라이빗하고, 룸자리도있어서 아주 좋습니다!!
음식은 진짜 다 맛있습니다!!
아롱사태전골 먹었는데, 진짜 맛있고 양많아서 추운 날 뜨끈하게 먹기 최고!!",긍정적
2022-12,"정말 연말 연초 회식 단체 모임
최적의 장소 그잡채입니다!!☆☆☆☆☆
사장님과 직원분들 정말 친절하시고
음식도 진짜 맛있어요 ㅜㅠ
아롱사태전골 감자채전 문어숙회 꼭 드세요!!
사진을 제대로 못 찍어서 아쉽지만
정말 다음에 또 방문할거에요!
감사합니다 :)",긍정적
2023-01,"안주 하나하나 양 많고 맛있어요~
테이블 간격도 넓고 파티션으로 분리된 구조라 대화를 즐기면서 한잔하기 너무 좋아요^^",긍정적
2023-09,굿,긍정적
2023-02,"술병이 말해주는 그날의 분위기...💛
진짜 안주 전부다 맛있고ㅠ 친절하시고!! 강남에 모임장소로 이만한데가 있을지? 저흰 이제 강남에서 만나면 무조건 여기오자 약속했다구요?ㅋㅋㅋ 진짜 오랜만에 대만족이였어요!!",긍정적
2023-01,생일이라 여러명이 갔는데 세트매뉴가 있어서 좋았어요. 맛있게 잘 먹었습니다.,긍정적
2023-02,"육회 꼭 시켜주세요 존맛탱
커텐을 칠 수 있어서 프라이빗하게 잘 놀다왔어요😆",긍정적
2023-06,육회 꼭 드세요,긍정적
2023-02,"육전 너무너무 맛있고 육회도 짱맛입니다!
술 종류도 다양하고 막걸리 소주 사케 하이볼 맥주 와인 등등 없는 게 없으니 모임할 때 너무 좋을 것 같아요 💓 인테리어도 독특하고 예뻐요!",긍정적
2023-03,"음식 종류도 많고 너무 맛있었습니다!
사실 강아지와 가는 게 처음이라 많이 걱정했는데, 너무 친절히 안내해주시고 정말 감사합니다!
다음에 또 기회가 된다면 방문 할께요~~!!",긍정적
2023-01,"공간도 넓고 단체룸도 있어서 회식이나 모임하기 좋은 곳
여기 근데 기본안주로 무생채 나오는데 이거 진짜 존맛이에요,,
직원분들도 친절하시고 안주도 맛있어요
술 종류 ㅈㄴ많음👍",긍정적
2023-01,닭갈비 퐁듀 맛있게 먹었어요 룸 예약 가능한 거 좋고… 소음은 다소 각오하셔야 합니다 ㅋㅋㅋㅋ 그래도 최대한 룸끼리 프라이빗을 추구하려는 노력이 좋구 사장님 친절하셨음! 붐비는 저녁 6~8시 시간대에는 인내심 갖고 가는 게 좋을 거 같아요,긍정적
2023-03,단체로 이용하기도 좋고 내부가 깔끔하고 무엇보다 좌석들이 다 좋았어요! 엄청 친절하시고 안주도 맛있어서 즐겁게 모임했습니다🥰,긍정적
2023-04,"단체 모임이 있었는데, 공간도 프라이빗하고 음식도 맛있었습니다. 무엇보다 직원부들이 친절하서 즐거운 시간이 되었습니다.",긍정적
2022-12,,알 수 없음
2023-07,가격대는있지만모임하기좋아요,긍정적
2024-01,굿,긍정적
2023-05,안주도 맛있고 룸이 있어서 회식하기 딱 좋아요!!,긍정적
2023-02,손님을 모시고 갔는데 분위기도 좋고 룸도 있고 해서 너무 좋았습니다. 여사장님 남사장님 두분 너무 친절하시고 서비스도 너무 맛있는걸로 주셔서 감동이었어요ㅎㅎㅎ 바쁘셔서 그런지 직원분들은 조금 말투가 쎈게 아쉬웠지만 전반적으로 만족스러운 식사겸 술자리 할 수있었습니다. 감사합니다.,긍정적
2023-03,프라이빗하게 술마시기 좋고 술종류도 엄청많고 안주도 맛있게 먹었어요! 애견동반 가능해서 데려가고싶은데 키우는동물이 없는게아쉬울정도ㅋㅋㅋ 잘먹고갑니다 :),긍정적
2023-06,굿,긍정적
2023-04,"직원님들 친절하고 음식이 다 맛있습니다
매우매우매우 만족~^^",긍정적
2022-11,"이자카야 분위기도 좋고 프라이빗해서 기념일에 가거나 모임하기 좋네요. 사케종류가 정말 다양하고, 무엇보다 안주가 정말 맛있어요 >.< 매우 만족했어요!!",긍정적
2022-12,안주들 다 너무맛있어요!!! 구분되어있는 룸이라 모임하기에도 아주 좋습니다!! 직원분들 친절하고 너무 만족스럽네요!!~~ 추천합니다,긍정적
2023-06,맛있어요~^^,긍정적
2023-01,음식도 맛있고 주종도 다양하고 분위기도 좋고 무엇보다 정말 친절하세요~,긍정적
2022-11,"다맛있음
감자채전 진짜추천
의외로 김치라면ㅇㅣ 정말 존맛!
바로해장돼서 술또마실수있음",긍정적
2022-12,"넘 맛있고 분위기 좋아서
먹는 동안 행복해따..:",긍정적
2023-03,매장 깔끔하고 프라이빗 룸이 있어서 지인과 편하게 대화하기 좋았어요,긍정적
2023-02,사장님 너무 친절하시고 가게도 예뻐요,긍정적
2023-02,"친절하다.맛있다.
양이 너무 적다.
양 대비 너무 비싸다.
닭갈비에 닭이 8개?심각하게 빈정 상했다.
두번째인데..재방문은 이제 안 할 듯..
친절과 맛은 좋았다.",긍정적
2022-11,개별 룸처럼 구분되어있어서 모임이나 대화하기 정말 좋아보였어요! 안주도 맛있었고 좋았습니다 ㅎㅎ,긍정적
2023-05,굿,긍정적
2022-10,예쁜사진보다 이 사진이 현실적이라서 올립니다. 10명 가서 세트 메뉴 2개 시키고 마지막으로 계란말이 1개 시켰던 기억이 나요. 정말 남김없이 싹 먹었습니다. 사장님께서 너무 잘해주셔서 배터지게 먹고 나왔습니다. 리뷰보고 평이 너무 좋아서 얼마나 맛있길래 다들 극찬을하나... 했는데 솔직하게 말씀 드리자면 ....정말 맛있습니다.👍👍 제가 예약 했는데 팀 회식가서 기살고 왔네요. 같이 가신분들 다 극찬해서 기분 좋았습니다. 그리고 사장님 너무 친절하세요 진짜 짱이에요 감사합니다.👍👍 4년동안 근처로 회사 다니는데 술집으로 여기가 짱입니다.회식으로 또 가게 오랫동안 장사하셨으면 좋겠습니다.,긍정적
2022-12,"민물새우탕과 육전 먹었어요.
새우탕은 얼큰하니 나쁘진 않았고
육전은 좀 질겼어요",긍정적
2023-02,하이볼도 너무 맛있네요 잘 먹었어요,긍정적
2023-01,"사장님이 엄청 친절하시고, 손님에게 엄청 신경써 주시는게 느껴져서 기분이 좋았어요! 모임장소 찾다가 처음 가게 된 곳이었는데 앞으로 종종 가려구요!! 맛있게 잘 먹고 즐거운 시간 보내고 왔습니다!",긍정적
2022-12,"조명이 어두워서 피부 잡티도 안보이고 너무 좋네요^_^ 썸남이랑 가면 좋을듯 합니다
물론 안주들도 다 맛있어요!!!!!!!!
세트1번으로 시켜서 안주 엄청많이 먹었는데
다른요리들도 궁금해서 추가로 두개나 더 시켰어여 배터질뻔...하나도 빠짐없이 다 맛있었습니당
또갈래여.....",긍정적
2022-12,안주가 맛있어서 술을 너무 많이 마셨어용,긍정적
2023-01,단체 회식하기 딱 좋아요!! 안주도 맛있긴한데 양이 좀 적은편이라 여러개 시켜야해요ㅠㅠ 친절하고 좋았습니다!!,긍정적
2023-02,매장도 청결하고 직원분들이 친절하셔서 기분좋게 술자리 가졌습니다,긍정적
2022-12,"안주도 맛있고, 가격도 부담스럽지 않아요!
특히 테이블간 분리되어 있는 인테리어, 개별룸이 구비된 부분이 너무 좋아요
4인~8인 모임할때는 자주 이용해야겠어요!!
6명이서 안주 7개 시켜서 그런지 콘치즈 서비스도 주셨답니다><",긍정적
2022-10,"정말 음식이 맛도있고 분위기도 좋아요.
회식하기 정말 좋습니다!!",긍정적
2022-11,"오모모 여기 분위기 진짜 짱 좋음
사진이 왜 먹는것뿐이지ㅜㅜ
진짜 공간널구 마싯구 전부
프라이빗해서 모임에 딱임",긍정적
2022-11,맛있고 분위기 좋은데 살짝 비쌈 강남이니까 그러려니 해야쥬,긍정적
2023-01,창가테이블 앉앗는데 안 춥고 좋았어요! 친구랑 자주 오기로 햇습니당 ㅎㅎㅎ,긍정적
2023-01,분위기 갑입니다^^!,긍정적
2022-10,청첩장 모임으로 룸을 빌렸는데 대화하기 너무 좋고 진짜 친절했어요 음악도 다른 곡으로바꿔달라고 부탁드렸는데 잘 반영해주셨어요! 음식도 다 맛있었고요! 다만 의자가 딱딱해가지고 방석 같은거라도 있었으면 더 좋았을 거 같아요! 매우 만족했어요!,긍정적
2023-05,차돌샤브샤브 국물이 너무 시원해서 술이 술술술 들어갔어요,긍정적
2022-12,"분위기 정말 좋은곳입니다
손님이 많았지만 시끄럽지 않고 안락함을 느낄수 있어 정말 좋았습니다
이제 친구들 모임은 다슬음에서 하기로 정했네요
참석한 친구들 만족도 짱~!",긍정적
2022-12,"친절하시고, 음식 다 맛있어요. 먹느라 사진을 못 찍었네요. 프라이빗하게 얘기하기도 좋습니다.",긍정적
2022-08,"모임하기에 진짜 좋은거 같네요
직원분들 너무 친절하시고
무엇보다 안주가 너무 맛있어서 밥먹으러 와도 될정도!
사진을 다 못찍어서 아쉽지만 다음번에 또 와서 찍어 가야지!
잘먹었습니다!",긍정적
2022-12,단체모임 하기 좋아요,긍정적
2022-09,깔끔하고 단체석이 분위기가 좋아서 단체모임하기에 좋습니다! 실내화랑 옷걸이까지 세세하게 준비해주시는 디테일,긍정적
2022-10,아롱사태전골에 우동사리면 추가 필수 🥹👍,긍정적
2022-07,"인테리어가 예쁘고
자리가 각각 분리되어 있어서
모임하기가 좋아요~♡
음식도 맛있고 친절합니다.
뱅뱅사거리 맛집 하나 알게 되었네요~",긍정적
2023-03,분위기 괜찮고 술종류많아요~ 그런데 너무 바쁘신듯ㅜㅜ벨누르면 잘 안오세요ㅜㅜㅜㅜ,긍정적
2022-08,"분위기도 분위긴데 음식이 진짜 너무 입맛에 맛있어요
모임하기도 좋고 직원들도 너무 친절하셔서 대만족이요!",긍정적
2022-11,모임하기 좋아요,긍정적
2022-08,사장님과 직원분들 너무너무너무 친절하시고 음식도 엄청엄청엄청 맛있어요!! 마지막에 취해서 좀 어지럽히고 나왔지만 다음에 또 방문하면 깔끔하게 놀다 갈게요!!,긍정적
2022-05,인테리어도 너무 예쁘고 음식도 맛있어요! 쭈꾸미 차돌박이 진짜 차돌박이 너무 맛있어서 다 먹어버렸네요…다이어트 해야되는데ㅠ 여기 시그니처가 오리 주물럭 같은데 다음에 꼭 먹어보려고요! 데이트하기 너무 좋은 공간이에요💕,긍정적
2022-11,파티션처럼 나눠서있어 그룹으로 모임하기 좋구 음식도맛있었어요,긍정적
2022-11,분위기가 너무 좋아요. 조용하니 대화하기 딱 좋아요.,긍정적
2022-06,"안주 특히 소곱창전골 넘 맛있어요-! 국물이 중독적...
자리가 프라이빗해서 지인과의 대화에 집중할 수 있어서 좋았어요-!",긍정적
2022-07,"예약안내부터 서빙, 룸 온도 체크까지 여러가지로 신경써주셔서 즐거운 모임이 되었습니다. 음식도 대체적으로 맛있었어요 토마토 스튜가 👍🏻",긍정적
2022-09,"다들 넘 친절하시고 음식도 맛있어요
커튼닫을 수 있는게 넘나 좋아요오",긍정적
2022-11,ㅡ,부정적
2022-09,"한우 육회에 소주한잔.
프라이빗하고 직원분들도 친절해서 좋네요 ㅎ 다만 교통편이 좀 아쉽 ㅜㅜ 자차아니면 힘들듯요",긍정적
2022-08,안주가 진짜 너무 맛있어서 계속 먹게 되네용 직원도 친절하고 아주 좋습니다 ㅎㅎㅎㅎ,긍정적
2022-03,"여기 안주 진짜 맛있어용 ㅠ 생오리로 만든 주물럭인데 먹고 반했습니당 같이 간 친구도 맛있다고 엄청 좋아했어요 ㅎㅎ 주먹밥이랑 같이 먹으니까 완전 환상적💗 완전 추천드려요. 술도 짱 맛있고 분위기가 예술이에요. 테이블도 넓어서 단체로 가기에도 좋고 커플끼리 데이트하기에도 딱입니다. 여기 완전 자주 가고싶은 곳이에요. ☺️💕

사장님 짱 친절하시고 프라이빗하게 즐길 수 있어서 좋아요. 안주도 다양해서 다음에 다른 안주 도전해보려고요. 배고프신분들 오리주물럭 무조건 추천이요. 💖",긍정적
2022-10,진짜 여기 음식은 다 맛있어요~특히 육회랑 곱창전골~!!!♡♡♡,긍정적
2022-06,"사진 너무 못찍어서 죄송합니다,, 단체 예약으로 했는데 정말 맘에들었습니다. 친절한 서비스 감사합니다.",긍정적
2022-06,인테리어도깔끔하고 안주도맛있구!!,긍정적
2022-05,"사장님 완전 친절하시구 서비스도 굿!!! (성격이 화끈하심ㅋ)
하... 닭발사진이랑 술사진이 없네... 먹는데 정신팔려서
저 토마토카프레제 강추!!!!!!!",긍정적
2022-08,"음식이 좀 느리게 나오는것 말고는 품질 분위기 가격 모두 만족스럽네요.
오시는 분들은 한번에 미리 주문하시는게 좋을듯요",긍정적
2023-02,맛잇어요,긍정적
2022-07,소주 오처넌으로 강남에서 저렴한편 거의모든좌석 커튼으로 독립적인느낌 가넝 단체룸도 있음 예약하고 가야할듯 오리주물럭도 굿굿,긍정적
2022-03,새로생긴 가게라그래서 깨끗하고 너무 좋았고 안주도 너무 맛있었어요!! 특히 오리주물럭에 소쥬는 사랑이쥬!!! 담에 또 먹을라구요!,긍정적
2022-08,친절하고 모임하기 좋아요,긍정적
2022-08,모임장소로 너무 좋았습니다.,긍정적
2022-08,리뷰를 안 쓸 수가 없어요!! 청첩장 모임하기 좋은 룸 있고 안주 다양한 술집!! 꼭한번 와봐요~,긍정적
2022-07,"제 입맛엔 좀 짜기는 했지만 맛있었어요. 직원분들 사장님 모두 아주 친절하시구요
특히 육전이 맛있더라구요 오래간만에 만난 친구들과 즐거운 시간 보냈습니다",긍정적
2022-07,"분위기 너무 좋고
안주 진짜 다 맛있음",긍정적
2022-07,"처음 방문한 주점..친절하신 직원분들 맛있는 요리 대만족입니다 다만 조금 아쉬운건 주차가 안된다는게..
담엔 차를 버리고 가야겠네요",긍정적
2022-07,잘먹었습니다~,긍정적
2022-04,"고급지면서 분위기좋은곳!
안주도 맛있어요💕",긍정적
2022-09,분위기 굿굿,긍정적
2022-08,너무 맛있고 친절해요!,긍정적
2022-04,오리주물럭먹고 밥 볶아드세요!!!!!,긍정적
2022-11,친절해요,긍정적
2022-05,분위기가 아주 좋고 손님들도 많은 인기만점 이자카야!,긍정적
2022-07,잘 먹었습니다~,긍정적
2022-06,단체모임 하기 좋고 음식맛은 중 이상이예요,긍정적
2022-03,"음식이 지인짜 맛있었어요!
같이 온 친구들 모두 감탄..
개인적으로 짬뽕탕, 숙회, 연어샐러드 강추합니당",긍정적
2022-12,안주들이 하나같이 정말 맛있습니다~단체석도 많아서 회식하기 정말 좋은거같아요!,긍정적
2022-06,다음에도 또 올래여,긍정적
2022-08,좋습니디ㅡㅇ,긍정적
2022-07,♡,긍정적
2022-03,음식이 정말 맛있고 가격대는 좀있지만 인테리어 및 모든게 만족해요!! 자주 놀러올께요~~~,긍정적
2022-03,"음식이 너무 맛있고 👍서비스도 좋아요👍👍
주방도 청결하고 깔끔하고
조만간 역삼동 핫플될거같아여
또 방문하고 싶어요",긍정적
2022-05,좋아요감사합니다,긍정적
2022-03,짱짱 맛있어요!! 분위기도 좋고 아늑하고 좋습니다 사장님두 친절하시고 굳굳~~,긍정적
2022-03,"전 문어숙회가 너무 조았어요 !!!

민물 새우탕은 더우 더요 ㅎㅎ

입가심은 육회, 짱!!! 이예요 ㅎㅎ

우리 모두 행복해요 ㅎㅎㅎ",긍정적
2022-03,"사장님 친절, 분위기 좋음, 음식 굿굿 오랜만에 이런거 해봅니다 ㅎㅎ
다른건 모르겠고... 주변에 이런데 없는듯? ㅎㅎ",긍정적
2022-04,맛있고 분위기 좋아요~,긍정적
2022-02,칸막이가 쳐있어서 일행들끼리 술마시기 좋습니다!,긍정적
2022-03,안주가 너무 맛있어요 !!,긍정적
2022-07,좋아요,긍정적
2022-03,굿,긍정적
2022-01,좋아요,긍정적
