Date,Review,sentiment
2024-08,"간만에 친구랑 먹고 마시다가 아쉬워서 2차로 별 생각없이 들어간 집.

추억의 캐챱+마요네즈 사라다.
닭다리살 야들하고 촉촉쓰하지만 겉은 바싹한 맛도리 순살치킨.

화장실은 정말 최고! 깨끗하고 몬가 럭셔리해... 친구랑 역대급 화장실이라고 화장실 이야기로 낄낄대면서 맥주 한잔 순식간에 비움 ㅋ",긍정적
2024-05,"강남구 원탑 치킨집
진짜 개맛있습니다
전반적으로 후라이드도 양념도 매콤한 맛이 디폴트
사장님의 친근한 친절함이 정있게 느껴졌어요

야장 자리있으면 일단 앉으세요",긍정적
2024-03,"치킨에서 고소한 맛이 난다
옛날식 양배추 샐러드와 병사이다..
바삭한 치킨, 파닭으로 소주 두병이 순삭..
주인 어르신께서 친절도 하시고
열심이신듯 ~
건강하게 오래 하세요~",긍정적
2024-08,맛있어영 감사합니다,긍정적
2024-04,"일끝나구 회사동료랑 ㅎㅎ
치킨먹으로 ㅎㅎ 맛남",긍정적
2024-04,기본안주 팝콘도 맛있고 옛날 느낌의 치킨도 좋아요,긍정적
2024-02,"제가 알기로 25년 넘은 가게로 알고 있어요.
엄청 오랫동안 같은 동일한 가게 운영이 가능하신 이유가 다 있겠죠?
맛있습니다. 가격도 합리적이고요!!",긍정적
2024-01,파닭 맛있어요. 퍽퍽살 안좋아해서 순살 잘 안 먹는데 여기 순살치킨 괜찮습니다.,긍정적
2024-02,오랫만에 맛있게 친구들과 먹었습니다. 분위기도 좋네요,긍정적
2024-06,맛나요,긍정적
2023-12,"치킨은 맛있지만 가게가 비좁아서 정신없고 대응이 불친절합니다.
계산이 잘못된것 같아 다시 문의드리러 갔을때도 뭐가 잘못됐냐 오히려 나무라시네요. 내역 좀 보여달라고 하니 여기 보라며 서슴없이 반말하시고... 잘못된걸 인지하고 재결제 해주시긴했지만, 아무리 어려보여도 손님인데 기본적인 예의는 지키셨음 합니다. 제 돈 내고 불쾌함을 얻어온 기분이네요. 이후 두번 방문하지는 않을것 같습니다.",부정적
2024-01,"정말 오랜만에 갔는데, 여전히 두분 어르신 부부가 운영하셔서 맛나게 치킨과 생맥주를 가볍게 먹고 왔어요.",긍정적
2023-09,"삼성동 직장댕길때 자주 들렸던 치킨집이랑 이름이같아서 홀린듯 들어갔는데 다른집인듯 ㅋㅋ 그래도 치킨은 맛있었어요~~
친절은... 맘 상하지 않기~",긍정적
2023-10,사진 잘 안 나오지만 양이 많고 맛있습니다,긍정적
2023-10,"너무 맛있어요~~
사장님들도 너무 좋고~~! 지나갈 때마다 들리고 싶었는데
기회가 와서 가보니 너무 좋네요~ 더 추워지기 전에 야외에서 한번 더 먹고 싶어용~~
편안쿠 좋았습니댱",긍정적
2023-09,"무슨 동네 장사를 이렇게 하시는지 ㅡㅡ
음식 오래 걸리는건 그렇다 쳐도
1차 물달라고 요청드렸는데 무시
2차도 무시
3차도 무시
그러더니 바쁜거 안보이냐고 역정내심
들었으면 대답을 해주시고
기다려달라고 말을 해주시던지
무시하면 말한사람은 들었는지 안들었는지 어찌압니까
그래놓고 나갈때 다 들었다고 귀안먹었다고
자꾸 사람 보채지 말라 하심
불친절해서 다신 안갈껍니다",부정적
2024-05,친절해요,긍정적
2023-11,치킨이 맛있습니다.,긍정적
2023-07,"살다살다 이런 음식점은 처음이에요
테이블은 끈적거리고 소스수저는 베스킨라빈스 일회용수저 재활용.. 아무리 뼈통이라고해도 때가 묵고묵어서 너무 더러워요 ㅠㅠㅠㅠ
사진에서 보이는 황도는 대체 얼마로 보이시나요..?
안주가 저상태로 나와서 팝콘 한번 더 달라고했더니
한번이상 줄수가없다며 거지 취급하는거처럼 정색을 하시는데
더이상 말을 섞고 싶지가않아서 나왔네요 ㅠㅠ
아무리 주변에 술집이없어도 돈을주고오라고해고 안갈곳 ㅠㅠ",부정적
2023-11,굿,긍정적
2023-12,긋,부정적
2023-03,"치킨만 맛있는줄 알았는데… 골뱅이 소면도 너무 맛있습니다ㅠㅠ 보통 양념, 후라이드 이렇게 시켰는데, 간장도 맛나네요… 사장님께서 쥐포, 땅콩까지 서비스 주셨숨다. 배터지게 먹어서 행복했어요 ㅠㅠ 또 먹고프네요… 양재역, 강남역, 뱅뱅사거리 치킨 원탑 맞습니다",긍정적
2023-07,"양념치킨은 진짜 맛있어요!
하지만 친절함은 기대하지 마세용",긍정적
2023-08,맥콤하니 맛있어요.,긍정적
2023-09,"치킨은 맛있습니다. 다만, 이를 상쇄할 정도의 사장님의 불친절이 인상깊었습니다.",부정적
2023-05,여름되기전이라 저녁에는 날씨가 좀 선선하고 좋아서 치킨 먹으러 갔는데 치킨은 바로 튀긴 상태로 나오니 맛있었는데 홀에서 일하시는 아주머니분이 불친절하세요.. 비닐장갑 요청드렸더니 없다고 하시면서 골뱅이무침에는 비닐장갑이 나오고 무 추가요청 드리면 눈치주시고.. 치킨은 맛있어요ㅎ,긍정적
2023-03,"프렌차이즈 치킨들 요새 기본 후라이드랑 양념이
다 맛이 별로여서 잘 안먹었었는데요.
제가 찾던 딱 그 맛을 여기서 찾았어요. 너무 맛있어서 오늘 또 먹고싶어요. 그리고 제가 콜라 안먹고 물을 부탁드렸는데 여긴 물도 너무 맛있어요 보리차 진짜 최고입니다.. 사장님 오래오래 일해주세요 이제 자주 갈게요",긍정적
2023-05,"모란의 맥캔치킨을 생각하고 갔는데..아니더라구요..
짠맛이 많이나서 저는 불호인데 좋아하는분들도 많았어여.
두분이하시는데.바빠서 그런지.친절하진않습니다^^;;",부정적
2023-03,"진짜 대박
저 샐러드 봐요 옛날 치킨의 정석입니다
게다가 골뱅이 소면 냄새 미쳤고 너무 고소합니다 후라이드 치킨이랑 잘 어울려요
사장님 인심도 후하시고 직장인 모임도 자주 와요",긍정적
2023-04,양이 푸짐하고 동네 맛집이이욤!,긍정적
2023-06,,알 수 없음
2023-04,"예전기억이 좋아서 오랜만에 친구들이랑 방문했는데 너무너무너무 실망했어요
여자사장님은 첫주문때만 목소리를 들을 수 있었고 맥주추가주문이나 추가로 무언가 요청할땐 대답도 없이 지나가시고.. 접시를 주시는데 진짜 거의 던지다시피 하시고.. 우리가 뭘 잘못했나.. 싶은정도였요
일행들도 모두 기분나빠서 일정 마지막에 기분이 별로였습니다
너무 불친절해서 안가고 싶어요",부정적
2023-03,"가게는 좀 좁은데
이른시간에도 금방 만석이네요
맛집인가봐요",긍정적
2023-01,바삭한 튀김옷에 달콥짭짤한 양념이 너무 잘 배어있어요. 후라이드도 튀김옷에 맵싸한 맛이 나서인지 질리지 않고 먹기에 좋았습니다!,긍정적
2023-06,굿,긍정적
2022-11,"삼십년 넘은 단골입니다.
이곳 양념은 진짜 맛나요.
진리입니다.",긍정적
2023-04,맛있어요,긍정적
2022-12,후라이드 양념 다 맛있음,긍정적
2022-11,"세상 맛없는치킨과 감자칩에 5만원냄
맥주도 맛없고 불친절은 덤 ..
다신 안가요",부정적
2022-11,기대하고 간 곳인데 너무 간이 셌어요. 회식 2차로 오는데라서 그런가봐요,부정적
2022-09,맛은 있는데 치킨 나오는데 오래 걸리네요..,부정적
2022-10,좋아하는 곳👍🏻,긍정적
2022-10,포장해서 식어도 맛있어요,긍정적
2022-11,............,알 수 없음
2022-09,후라이드맛집,긍정적
2022-12,굿,긍정적
2022-09,옛날의 맛~,긍정적
2022-09,맛있어요,긍정적
2022-06,옛날 통닭느낌,부정적
2022-06,여기 진짜 맛있음 식어도 맛있어요,긍정적
2022-05,옛날 양념통닭맛!,긍정적
2022-01,가게가 작지만 치킨은 찐맛! 생맥과 한잔이라면🍺,긍정적
2022-07,맛있어요~!!!,긍정적
2022-08,굿!,긍정적
2022-05,치킨맛집,긍정적
2022-05,귯,부정적
2022-01,여기 찐으로 맛있어요!,긍정적
2022-03,핫치킨 짱맛,긍정적
2022-01,가끔씩 생각이 나면 먹고와여,긍정적
2021-12,"치킨집이지뭐
이모님 말투 별로임",부정적
2021-12,치킨은 맥켄,긍정적
2021-11,좋아요,긍정적
2021-09,친절하고 좋아요,긍정적
2021-11,조아요,긍정적
2021-06,"여긴 진심 대 존 맛!
순살 양념 꼭 드세요!",긍정적
2021-06,맛은 있으나 친절하지 않으시네요,부정적
2021-06,장사잘되는 자리에 비하여 알바생이 마니 부족하네요ㅎ,부정적
2020-12,"진짜 여기 배달 왜 안함?
너무 맛있어요
특히 순살 앙념",부정적
2020-09,"치킨맛있오여 간간하니
파닭두 맛있구

치즈스틱은 별루ㅠ",긍정적
2020-10,딱 옛날치킨이에요 치맥으로 추천,긍정적
2020-08,맛있어서 두 번째 방문했는데 후라이드 맛이 좀 다르네요ㅠ 파닭은 파가 너무 적어요,긍정적
2020-07,맛도 좋고~ 맥주도 션합니다!,긍정적
2020-08,최고,긍정적
2020-07,옛날맛,긍정적
2020-06,존맛,긍정적
