Date,Review,sentiment
2024-07,"맛있는 안주와 함께 2차한다면 무조건 추천합니다!
시그니처인 꼬막은 철이 아니라 못먹어서 아쉬웠네요.",긍정적
2024-03,"쭈꾸미가 맛나는집이에요..그치만 배불러서 제대로 못먹었어요
배불러도 파인애플샤베트는 잘들어갑니당",부정적
2023-12,"친구 만나러 갔다 우연히 방문했는데 너무 만족했던 술집, 고래똥...!!
❤️석화, 소라숙회, 연어머리구이, 감자전, 짜파게티 뭐 하나 맛있지 않은 메뉴가 없었어요. 지금 당장이라도 또 갈 수 있을 것 같아요.
🩷생맥주도 있고 기본으로 나오는 콩나물국 정말 맛있어서 2번 리필해 먹었습니다.근데 무서운 점은, 여기는 보통
💜쭈꾸미를 많이 먹으러 오는 곳이라는 거에요. 저흰 아직 메인을 안 먹어본 상태라는 것... 다음엔 쭈꾸미부터 조지러 오겠습니다.",긍정적
2024-01,"네명이서 안주 네개 뿌시고옴

고래똥 최고",긍정적
2024-03,친절맛도리그잡채,긍정적
2024-04,맛있어요!!,긍정적
2023-06,지나다 들렀는데 분위기 시끌벅적하니 좋고 쭈꾸미 맵지않고 맛있습니다~,긍정적
2023-04,"회사앞에 이런 곳이???
3년을 지나다녔는데 이런 곳이🙊🙊

쭈삼 오오오오오
묵은지광어회 오오오오오~~
오이 짜파게티 오오오오오
가리비치즈구이 오오오~
도시락 오호라~~
고동?소라?찜? 오오오오오~
오돌뼈주먹밥 아하~~

앞으로 세네번은 더 갈듯🙈🙈
감자전이 그리 맛나다던데 못 먹은게 아쉽!!🤗",긍정적
2023-07,술한잔하기 넘 좋은 분위기예요 기본 안주 옥수수랑 콩나물국 맛있어요ㅎㅎ 국물떡볶이는 생각보다 맵습니다,긍정적
2023-09,가격이 있음,부정적
2023-04,음식이 다 맛있어요,긍정적
2023-08,굿,긍정적
2023-11,친절해요,긍정적
2023-05,좋아요,긍정적
2022-11,"기대했던 것 보다 너무 맛있었어요!!
철판쭈꾸미, 모시조개탕, 묵은지광어는 꼭 먹어야 합니다.",긍정적
2023-01,최애쭈꾸미 집입니다용 ㅠ 주기적으로 쭈꾸미수혈하러 가는중이예여 ㅎㅎ🐙🐙,긍정적
2022-11,"친절하고 좋아요
쭈꾸미마싯고 기본안주 옥수수콘 맛있습니다
가격이 저렴한편은 아닌것 같아요 적당해요",긍정적
2023-03,!!,긍정적
2023-07,좋아요,긍정적
2022-12,JMT,부정적
2022-09,쭈꾸미도 맛있고 분위기도 좋고 맛있었어요!,긍정적
2022-11,단체 회식했어용 ㅋㅋㅋ 여러가지 냠냠냠,긍정적
2023-03,좋아요,긍정적
2022-09,맛있어요,긍정적
2022-08,쭈꾸미 너무 맛있어요...,긍정적
2023-01,괜찮아요,긍정적
2022-09,굿,긍정적
2022-04,너무 맛있구 술진뜩하게 취하고 싶을때 딱이에여!!><,긍정적
2022-06,굿,긍정적
2022-06,맛나요,긍정적
2022-04,맛있어요~,긍정적
2021-11,쭈꾸미랑 묵은지 광어 맛있었는뎁…,긍정적
2021-11,맛있어오요용,긍정적
2021-11,고ㅑㄴ찮아요,부정적
2021-12,굿,긍정적
2021-08,"쭈꾸미 고갈비 존맛탱♡♡ 꼭드세요, 두번드세요, 세번드세요~",긍정적
2021-06,"쭈꾸미 맛있어용!!
단골 술집이에요⭐️",긍정적
2021-12,무난해요,긍정적
2021-05,!!!!!,긍정적
2021-01,맛있었어요~ 또 오고싶은 곳,긍정적
2021-05,굿~^^,긍정적
2021-02,!!!!!!,긍정적
2020-04,"#고래똥 #양재술집
다양한 해산물과 포차 안주들을 맛볼수 있는 양재 술집 (뱅뱅사거리 술집)
소탈한 분위기이고 가격대가 저렴한 편이라 사람들이 많습니다
안주도 맛있고 양도 많이 나오는 편입니다
#미니나맛집 #미니나리뷰 #뱅뱅사거리맛집",긍정적
2020-09,좋아요,긍정적
2020-05,믿고 가는 고래똥!,긍정적
2020-05,진짜 존맛탱♡,긍정적
2020-03,맛도.서비스도. 직원도 친절한곳,긍정적
2020-01,"맛잇어요
술을몇병마셧는지모르는맛",긍정적
2020-03,#뱅뱅사거리 #고래똥 #철판쭈꾸미 #오징어튀김,긍정적
2019-12,"연말에 자리잡기 정말 힘들거 같아서 걱정했는데 미리 예약도 되구해서 너무 좋았습니다.
그리고 무엇보다 분위기가 술 잘들어가는 분위기라 더 좋았습니다^^",긍정적
2019-09,가리비회 맛집,긍정적
2019-08,고래똥 진짜 짱맛! 광어묵은지 진짜 순삭이에요!! 너무너어무너어어무 맛있어요,긍정적
2019-05,대박. 아무한테도 안가르쳐 줄거임,긍정적
2019-05,여기..다른사람에게 알려주고싶지 않은곳이에요 나만알고싶은곳!!!,긍정적
