Date,Review,sentiment
2024-09,다양한 음식들이 있고 직원들도 친절하네요.,긍정적
2024-07,솥밥 맛있어요,긍정적
2024-05,"오랜만에 우삼겹 곱탕이 생각나서 먹었는데 여전히 맛있더라구요!!! 너무 맵지도 짜지도 않아서 좋았고 정식으로 시키면 메밀전병을 같이 주는데 국밥이랑 같이 먹으면 궁합이 좋습니당ㅎㅎ
솥밥이어서 후식느낌으로 누룽지까지 먹을 수 있어용 국밥에 우삼겹이나 곱창을 넣는 가게는 흔치 않아서 나중에 종종 생각나게 하는 맛입니다~~~
사장님이랑 직원분들도 정말 친절하셔서 나중에 혼밥하러 와도 부담없을 것 같아요!!!",긍정적
2024-06,속이 풀리는 뜨뜻한 곰탕 너무 좋았어요,긍정적
2024-01,"매번 곰탕만 먹다가 오늘은 '곰탕만두국'을 먹어봤습니다~!
만두, 육수 모두 맛있어서 그런지 인근 만두국 파는 곳 중에서 가장 만족도가 높았어오 👍 (곰탕만두국은 작은 공기밥이 나오니까 참고하세요)

여기는 오전 11시 30분부터 붐비는 곳이라 12시에 가면 웨이팅 필수입니다! 아예 일찍 가거나 늦게 가야해요~!(직장인분들 참고하세용)",긍정적
2024-06,찐 솔직후기임. 비빔냉면은 불어있고 싱거웠음..,부정적
2024-05,들기름 막국수가 별미입니다.,긍정적
2024-04,"갓 지은 솥밥에 진한 국물까지 너무 맛있고, 직원분들도 친절하셔서 즐거운 점심시간이 되었습니다. 다만 배추김치가 너무 아쉬워요… 개선이 되었으면 좋겠습니다 ^^",긍정적
2024-05,따뜻한 국물 생각날때 좋아요,긍정적
2024-07,좋아요,긍정적
2024-04,맛있어요 :),긍정적
2023-11,"음식 다 맛있게 잘 먹고왔습니다
사장님도 친절해요",긍정적
2023-12,"혼자 방문하든, 다른 사람이랑 같이 방문하든 편한 분위기에서 맛있게 즐길수 있는 곳이에요. 메뉴랑 밑반찬 모두 맛있고, 솥밥까지 제공해주셔서 추운 날씨에 따뜻하게 맛있게 먹을수 있었습니다. 사장님도 친절하시구, 강력 추천하는 맛집입니다 ㅎㅎ",긍정적
2024-01,굿,긍정적
2023-12,양도 많고 국물 진짜 맛있어요!! 한끼 배부르게 먹고 누룽지로 마무리까지😋,긍정적
2023-09,솥밥이 나와서 뜨거운 물 부어서 숭늉을 먹을 수 있어요. 국밥 맛은 보통이고 정식으로 시켰을 때 나오는 메밀전병이랑 떡갈비가 아주 맛있어요.,긍정적
2024-01,좋아요,긍정적
2023-10,맛있는 곰탕에 돌솥밥까지 너무 좋아요!!,긍정적
2023-12,조아요,긍정적
2024-03,맛잇어요,긍정적
2023-09,마지막에 누룽지 먹을 수 있는게 좋아요ㅎ,긍정적
2023-07,"그냥 회사근처 야근할때 밥먹기 괜찮아요
한식마려울때 종종갑니다
밥이 솥밥이라서 맘에들어용",긍정적
2023-08,솥밥 너무 좋은데 국밥집에 청양고추가 없어서 서운쓰,부정적
2023-11,좋아요,긍정적
2023-08,"일욜도 식사할수 있는곳
돌솥밥이라 좋아요",긍정적
2023-10,굿,긍정적
2023-06,정식으로 시키면 나오는 떡갈비가 진짜 맛있어요!,긍정적
2023-05,약간 미끈덩??? 한 맛 들기름 메밀이란 뭘까 하고 먹어봤어용,부정적
2023-06,맛집👍 뜨끈하게 잘먹었어요,긍정적
2023-06,설렁탕 맛있네요 좋습니다,긍정적
2023-06,점심 맛있게 잘 먹었습니다!,긍정적
2023-04,"강남갔다
그냥들어간집",부정적
2023-05,깔끔하고 맛있어요,긍정적
2023-04,"매장이 깔끔합니다.
맛도 괜찮아서 점심때 가는 곳입니다.",긍정적
2023-06,깔끔하고 맛있어요,긍정적
2023-03,맛있는데 시간이 지날수록 맛이 떨어지는거 같아요,부정적
2022-08,"신랑이랑 강남역인근에 있는 곰작골 나주곰탕 역삼초교점에서 모듬수육을 먹었어요. 둘이 먹기에 양이 많았지만 도가니가 들어간 것으로 주문을 했어요. 술안주로 주문을 해서 가마솥 솥밥을 2000원에 주문을 했어요. 솥밥도 맛있지만 누룽지 대박 고소했고, 모듬수육은 진짜 부드럽고 고소했어요. 고기 잡내 하나도 없었고 국물도 제대로예요. 진짜 육수도 끝내줬고 먹는 내내 기분이 너무 좋았어요. 신랑은 술안주로 최고라며 칭찬하고 저는 몸보신 하고 왔어요. 김치도 엄청 맛있어요~ 저희는 여기 단골합니다~😄😄",긍정적
2023-01,검은쌀 솥밥이 맛있었어요,긍정적
2022-12,곱창전골 자극적이지 않고 담백함. 곱창도 많이 들어 있어서 좋았습니다. 그런데 점심에 요리 메뉴를 시키니 매우 늦게 나왔고 그 점에 대해 일하시는 분께 말씀드렸더니 점심시간에 요리를 시켰으니 당연히 늦게 나오는거 아니냐는 식으로 주문현황을 물어봐도 체크도 안해주시고 본인 할일만 하시더라구요. 좀 많리 불쾌했습니다.,긍정적
2023-05,굿,긍정적
2023-01,"정성들여 나오는 슬로우 푸드!
솥밥이 인상적이고, 특히 깍두기 존맛!",긍정적
2023-01,전메뉴가 솥밥과 같이 나와요! 밥이 아주 맛있어요,긍정적
2022-11,"갈비탕 17,000원이예요. 비싸긴한데 요새 다 그렇죠.깔끔하고 고급스러운 맛입니다. 뼈다귀만 큰게 아쉬웠지만요.",긍정적
2023-01,,알 수 없음
2023-02,단골임,긍정적
2023-01,,알 수 없음
2022-12,가격에 비해 맛은 다소 떨어집니다.,부정적
2022-12,,알 수 없음
2022-08,강남에서 퇴근길에 건강식으로 챙겨먹기 좋은 식당입니다. 위치도 역근처라 좋아요,긍정적
2022-09,집근처라서 갔는데 맛있네요! 푸짐하고 ㅎㅎ 늦은시간까지 하는 집이라 저녁 늦게 술한잔하기 좋을거같아서 나중에 술한잔하러 가려구요,긍정적
2022-12,"진짜 별롭니다. 소태도 아니고 더럽게 짬
곰탕이나 국물요리는 짜게 한다는것 자체가 국물맛을 못내서 숨긴다는 뜻임ㅋㅋ",부정적
2022-11,사람이 하는일이고 바쁜시간이니 음식주문이 누락될수 있습니다. 하지만 죄송하다는 말을 절대안하고 손님이 주문안한것처럼 말돌리는직원. 응대가 아쉽네요.,부정적
2022-08,고기에서 냄새가 조금 나긴 했지만 돌솥밥이랑 무말랭이가 맛있었어요,긍정적
2023-02,좋아요,긍정적
2022-12,ㅇㅇ,부정적
2022-11,나주곰탕 정식 좋아.. 남자 혼자 배터지게 먹을 수 있는 곳,긍정적
2022-12,ㅇㅇ,부정적
2022-07,"갈비탕, 곰탕 넘 맛있어요. 고기부드럽고 기본이 가마솥밥으로 제공해줘서 밥이 넘넘 맛있어요 :-)",긍정적
2022-12,좋아요,긍정적
2022-10,솥밥이 나와서 좋아요~~맨날 배불러서 누룽지는 잘 못 먹지만ㅠㅠ,긍정적
2022-12,괜찮아요,긍정적
2022-11,맛있게 잘 먹었습니다,긍정적
2022-11,돌솥밥이라 더 좋아요,긍정적
2023-02,맛있어요 감사합니다,긍정적
2022-11,맛있게 잘먹었습니다~~,긍정적
2022-06,나주곰탕 너무맛있어요 와우,긍정적
2022-09,밥을 금방해서 그런지 너무 맛있습니다,긍정적
2022-09,곰탕 진짜 맛있어요!!!,긍정적
2022-07,"돌솥밥 있어서 맛있는데
설렁탕에 고기가 너무 질기고 크고 맛이 별로에요ㅠ
웬만하면 다 잘 먹는 입맛인데.. 너무 기억에 남아 남기네요 그리고 돌솥밥 때문인지 한끼 가볍게 먹기엔 저렴하지 않아요",긍정적
2022-10,ㅇㅇ,부정적
2022-05,,알 수 없음
2022-11,고기가 신선해요,긍정적
2022-06,깔끔한 국물에 든든한 곰탕을 맛볼 수 있어서 너무 좋아요 👍🏻,긍정적
2022-06,"도가니탕 나주곰탕 다 맛있어요🌸
솥밥이라서 밥알이 살아있어서 너무너무 맛있었어요🥰",긍정적
2022-05,진한 국물이 맛있어요 👍 개인적으론 얼큰한 양곰탕이 제일 맛있네요😋,긍정적
2022-05,든든한 한끼를 맛있게 해결할 수 있는 곳입니다~,긍정적
2022-08,ㅏ,부정적
2022-07,푸짐해요!!,긍정적
2022-06,"일하는 근처라 갔는데
김치고 맛있고 고기 퀄리티도 좋았어요",긍정적
2022-07,친절하고맛있어요,긍정적
2022-07,괜찮아요,긍정적
2022-07,ㅏ,부정적
2022-07,ㅏ,부정적
2022-06,좋습니다!!! 굳굳굳!!,긍정적
2022-05,가마솥밥 국밥 맛나요,긍정적
2022-07,ㅏ,부정적
2022-06,맛있어요,긍정적
2022-05,뚝불은 비추입니다,부정적
2022-06,굿,긍정적
2022-03,돌솥밥이어서 너무 좋아요,긍정적
2021-12,"다른음식점이 붐벼서 선회해서 들어간 식당인데
소뚝불고기 9천원 음식 먹은중에 찍은거 아니고요
놀랍게도 받자마자 젓가락으로 한번 휘젓고
찍은건데요 컴플레인을제때걸었어야했는데
나오면서말씀드리니 잘못된거라고 인정하시고
담에오면서비스준다고하셨지만
다시갈생각없어서그냥나왔습니다
다시봐도 어이없긴하네여 별별생각이다들었는데
바로 컴플레인안한스스로가 바보같아서 자책될정도고
곰탕집이라 다른메뉴는 모르겠지만 맛자체도 입맛에안맞고 구성도 그냥 옆에 불백집이 가격 등 모든면에서 나아여. 이 정도면 환불받을수도있는상태아닌가싶은데 그소린안하시네요
기분이 너무 안좋아서 그냥 이거쓰고 잊어버릴라고합니다",부정적
2022-04,맛있어요,긍정적
2022-05,굿,긍정적
2022-02,따끈하게 곰탕! ^^,긍정적
2022-07,굿,긍정적
2022-05,평일 점심에 사람 진짜진짜 많음ㄷㄷ,부정적
2022-05,맛있어요,긍정적
2022-03,ㅏ,부정적
2022-04,굿,긍정적
2022-03,ㅏ,부정적
2022-02,,부정적
2022-01,맛있고 좋습니다 밥맛도 좋구요,긍정적
2022-03,ㅏ,부정적
2022-02,ㅏ,부정적
2021-11,추운겨울 좋아요 따뜻한 곰탕,긍정적
2022-07,굿,긍정적
2022-01,ㅜ,부정적
2021-11,"리모델링 후에 가격이 오른 것 같아요!
오늘은 국물이 조금 짰어용!
그래도 맛은 있는 거 같습니다!",부정적
2021-12,,알 수 없음
2022-01,굿,긍정적
2021-11,맛나요~~추천드려요~~~,긍정적
2022-01,좋아요,긍정적
2021-10,곰탕정식 맛있어요,긍정적
2021-11,가성비 떨어져요,부정적
2022-01,맛있어요,긍정적
2022-04,굿,긍정적
2022-03,굿,긍정적
2021-11,굿,긍정적
2021-11,맛있어요,긍정적
2021-12,맛있어요,긍정적
2021-11,ㅡ,부정적
2021-08,깔끔하고 맛있어요.,긍정적
2021-10,좋아요 자주방문할게요,긍정적
2021-12,굿,긍정적
2022-02,무난해요,알 수 없음
2021-11,친절,긍정적
2021-08,솥밥 맛있어요,긍정적
2022-04,😀,긍정적
2021-10,좋아요,긍정적
2021-06,곰탕도 맛있고 그냥 밥이 아니라 솥밥을 주셔서 누룽지도 먹을 수 있어요,긍정적
2022-05,맛있습니다,긍정적
2021-12,굿,긍정적
2021-09,좋아요,긍정적
2021-08,누룽지굿,긍정적
2021-07,굿,긍정적
2021-06,돌솓밥이 맛있어요,긍정적
2021-06,맛있어요,긍정적
2021-05,돌솥밥 좋아요,긍정적
2021-06,맛있어요.,긍정적
2021-04,마싯어여!! 친절해용 ! 돌솥밥 굿,긍정적
2021-06,좋아요,긍정적
2021-08,조아요,긍정적
2021-09,좋아요,긍정적
2021-05,맛있어요,긍정적
2021-04,맛있어요,긍정적
2021-04,굿,긍정적
