Date,Review,sentiment
2024-10,좋아요~,긍정적
2024-08,알고보면 북어국 맛집입니다.,긍정적
2024-08,간단히 밥먹기 좋은곳!,긍정적
2024-09,맛있어요,긍정적
2024-06,알고보면 가성비 최고의 식당입니다.,긍정적
2024-07,좋아요,긍정적
2024-03,맛있어요 가성비좋아요,긍정적
2023-08,"뒷고기나 덜미살 생각날 때 갈 것 같아요.
특이한 기름안튀는 불판도 좋고, 밑반찬 구성과 쌈도 좋아요.
김치랑 파채도 맛있고 기본으로 찌개, 계란찜, 김치전까지 나오는데 고기 가격도 인근에 비해 저렴하네요.
옛날 노포느낌 입니다.
잘 먹고 갑니다~",긍정적
2023-12,"회사옆이라 고기먹으로 두번정도 방문힌듯.
잘 모르는 부위고기도 먹어볼수잇엇네요",긍정적
2023-11,"점심메뉴 8000원인데 가성비 좋고 맛있습니다
음식이 간이 좀 세긴한데 맛있어요",긍정적
2023-11,"처음 방문
회사근처라서 방문",긍정적
2023-12,좋아요,긍정적
2023-12,좋아요~,긍정적
2023-11,맛나게 점심 먹었어요!,긍정적
2024-07,맛있어요,긍정적
2024-03,굿,긍정적
2023-08,"시원한 물막국수 잘먹었어요
양도 많고 푸짐해요",긍정적
2023-10,맛있는 집밥같은 반찬.,긍정적
2023-10,좋아요~,긍정적
2023-06,친절하고 고기도 맛있습니다.,긍정적
2023-06,츤데레 사장님 ㅎㅎ 맛도 좋고 서비스도 좋아요 :),긍정적
2023-07,어머니 손맛으로 집밥같은 맛~~,긍정적
2023-07,아쉽네요 가격인상,부정적
2023-07,이제는 사라진 7천원 메뉴,부정적
2023-06,맛있는 제육볶음,긍정적
2023-05,식사가 맛있고 가격도 좋아요.,긍정적
2023-02,"점심시간 혼밥하러 와요
요즘같은 시대에
7000원이라니...!갓성비에다가 맛있어요",긍정적
2023-02,"굿굿
제육.돌솥.가자미.부대순두부
돌아가면서 먹습니다",긍정적
2023-02,"사장님 친절하시고,
양재역 주변 가성비 맛집!!!!
주말에 운영안하는 단점 ㅠㅠ
강추!!",긍정적
2022-12,회사 근처에 몇 안되는 가성비 좋은음식점이에요.,긍정적
2023-03,직원분들이랑 같이 먹기 좋고 밑반찬도 맛있었습니다 !,긍정적
2023-02,점심 먹기 좋은 곳,긍정적
2023-05,좋아요,긍정적
2022-09,"양재에서 젤 가성비 좋은 돼지고기집입니다 🐷
요즘 물가가 너무 많이 올라가 외식이 두려운데 그나마 깡돈에서 먹으면 2명이서 술까지 마셔도 5만원 내외라 가성비 좋아요 👍🏻",긍정적
2023-02,부대순두부 맛있어요.ㅋ,긍정적
2023-01,점심시간 제육볶음 맛나요.ㅋ,긍정적
2022-12,직장인 점심 먹기 가성비 좋아요^^,긍정적
2022-12,점심먹기 좋아요~제육볶음 맛있어요..ㅋ,긍정적
2022-12,뒷고기 넘 맛나용,긍정적
2022-12,간만에 깡돈~순두부는 여전하네,긍정적
2023-02,좋아요,긍정적
2022-09,옛날부터 좋아하는 고깃 집 이였는데 오늘은 더 맛있어서 리뷰 남깁니다. 고기맛에 대한 건 늘 변함없이 어깨 춤나게 맛있습니다. 전 찌개와 계란찜 꼭 먹어야 직성이 풀리는데 고기를 시키면 세투로 따라 나오십니다. 김치와 마늘 그리고 부추를 불판에 함께 세팅해 구워 먹는데 눈에 보기에도 구성지고 중간엔 찌개가 보글보글 끓는데 이건 미친 조합입니다 ㅋㅋㅋ 밥만 시키면 끝~ 가성비 죽음 ㅋㅋㅋ 반찬도 잘 나와요 ~ 오늘은 밥 보다 소맥이 땡겨서 남친이랑 맛있게 먹었어요. 기분좋은 금요일 저녁 입니다!!,긍정적
2023-02,좋아요,긍정적
2023-01,여기진짜마시써여ㅠㅠㅠㅠㅠㅠㅠ 사장님이 긍데 까탈까탈보스에용....음식은 존맛..!,부정적
2023-08,맛있어요,긍정적
2022-11,안 비싸서 좋아요,긍정적
2022-11,안 비싸서 좋아요,긍정적
2023-02,좋아요,긍정적
2023-06,음식이 맛있게,긍정적
2023-01,좋아요ㅎㅎ,긍정적
2022-09,,알 수 없음
2022-10,굿,긍정적
2022-07,"저렴해요
막창은 비추천!
냄새가 났어요",부정적
2022-11,좋아요,긍정적
2022-11,맛나요,긍정적
2022-10,.,알 수 없음
2022-10,.,알 수 없음
2022-10,굿,긍정적
2023-05,맛있어요,긍정적
2022-10,.,알 수 없음
2022-11,고기맛집.. 깡돈,긍정적
2023-04,맛있어요,긍정적
2022-08,.,알 수 없음
2023-02,친절해요,긍정적
2023-02,좋,긍정적
2022-07,.,알 수 없음
2022-07,좋아요,긍정적
2022-06,.,알 수 없음
2022-06,.,알 수 없음
2022-06,.,알 수 없음
2022-07,맛나요,긍정적
2022-04,아 맛나는데 갔다오면 삼겹살샤워는 감당하셔야,긍정적
2022-06,.,알 수 없음
2022-03,돌솥비빔밥이 가성비 좋아요,긍정적
2022-12,맛있어요,긍정적
2022-05,.,알 수 없음
2022-05,.,알 수 없음
2022-02,강남일대 이가격이라니 메뉴도 많고 맛있습니다👍👍 왕친절,긍정적
2022-05,^,긍정적
2022-05,.,알 수 없음
2022-05,굿,긍정적
2021-08,"아직 사진 많은데 유튜브랑 인스타 올리려고 정리중
이집은 진짜 강남에서 최강이라고 할수 있는
가격과 맛 둘다 잡은 미친 맛집입니다.
제가 하도 식사메뉴가 맛있어서 궁금해서 저녁에 가서 뒷고기도 따로 먹어봤는데 역시나 뒷고기도 존맛
그냥 사장님이 손이 금손이신듯
회사 다니는동안은 영원한 단골 예약
강추드립니다
나때문에 손님 너무많아지면 어쩌지..ㅋㅋ",긍정적
2022-04,굿,긍정적
2022-02,ㅆㅆ,부정적
2022-01,ㅇㅅㅇ,부정적
2022-03,굿,긍정적
2021-09,점심시간에 갔는데 밥 빨리 나오고 반찬도 맛있어요!,긍정적
2021-12,마싯어욤,긍정적
2021-11,좋어요,긍정적
2021-11,좋아요,긍정적
2021-10,좋아요,긍정적
2021-07,친절하시고 양도 많고 맛있어요,긍정적
2021-10,좋아요,긍정적
2021-07,저렴하고 좋아요~,긍정적
2021-08,굿,긍정적
2021-08,굿,긍정적
2021-10,조아요,긍정적
2021-08,맛있어요,긍정적
2021-03,오늘 반찬 너무 맛있게 먹었습니다,긍정적
2021-07,좋아요,긍정적
2021-04,국밥 맛있는데 가격도 착해요. 담에는 다른것도 먹어봐야 겠어요,긍정적
2021-07,굿,긍정적
2021-11,좋아요,긍정적
2021-01,뒷고기랑 덜미살 먹었어요 가성비 좋아요~ 기본으로 나오는 전이랑 계란찜 맛있어요!,긍정적
2021-04,비빔밥 맛있어욤,긍정적
2021-06,굳,긍정적
2021-03,너무 맛있게 먹었습니다 *^^*,긍정적
2021-05,맛있어요,긍정적
2021-05,맛나요,긍정적
2021-06,좋아요,긍정적
2021-01,"음식도 빨리.나오고, 가성비 좋은 점심 식사였어요",긍정적
2021-04,단골집,긍정적
2021-04,좋아요,긍정적
2021-03,맛있어욤,긍정적
2021-03,맛있쩡,긍정적
2020-12,점심식사 가성비 적당하고 무난해요,긍정적
2020-11,굿,긍정적
2020-07,제육고기 질이 달라진 느낌이 드네요 제 착각일수도있구요,부정적
2020-08,점심에먹기딱좋아요,긍정적
2020-06,가끔 가는데 넘 불친절해요,부정적
2020-06,싸고 맛나네요,긍정적
2020-06,착한가격 엄마맛 집!!,긍정적
2020-02,가성비 좋은곳이에요 ㅎㅎ 싸고 맛나여,긍정적
2020-06,맛있어요,긍정적
2020-03,맛있어요 가성비 좋아요,긍정적
2020-03,맛있어요,긍정적
2019-06,반찬도맛있고 가격도저렴해요 좋습니다,긍정적
2019-06,굿굿,긍정적
2019-03,"직장인들이 찾기좋은곳
빠르게 메뉴가 준비되요.",긍정적
