Date,Review,sentiment
2024-02,"특스시..강력추천합니다.
너무 맛있게 잘 먹었습니다.",긍정적
2024-03,항상 잘 먹구 갔는데 오늘 직원 서비스는 별루네요.,부정적
2024-01,특스시 추천합니다.,긍정적
2023-10,특스시 추천합니다.,긍정적
2023-11,오늘은 서비스가 너무 아쉽네요. 앞으로 바쁜시간때인 12시는 피해서 가야겠습니다.,부정적
2023-04,"강남 뱅뱅사거리에 위치한 일식전문점 교토

예약 후 방문했고, 평일 점심이라 쾌적하게 식사했지만, 저녁이나 주말에는 예약필수!

점심코스 기준 가격대비 무난한 편이고, 강남권 일식코스가 대부분 그렇지만 식사량은 많지 않은 편

식사를 겸한 비지니스 미팅인 기념일 오붓한 식사 장소로 괜찮은 곳",긍정적
2023-09,특스시 강추합니다. 너무 맛있어요.,긍정적
2023-10,맛있어요,긍정적
2023-03,특스시 먹었는데 맛있게 잘 먹었습니다. 주방 실장님이 마지막에 마끼를 직접 싸서 주는데 정말 맛있네요. 지리도 시원하고 튀김도 맛있어요.,긍정적
2023-03,손님 접대하기 좋아요. 특스시 추천합니다. 초밥은 말이 필요없고 지리도 시원하게 맛있고 실장님이 싸주시는 마끼 참 맛나요.,긍정적
2023-05,.,알 수 없음
2023-01,"점심시간 안가는게 좋을 듯
음식 40분 기다림 ㅠㅠ",부정적
2022-12,깔끔해요,긍정적
2022-09,맛있어요,긍정적
2022-07,음식이 넘 맛있어요,긍정적
2022-05,비싼데 맛있어요.,긍정적
2022-01,마,부정적
2022-03,굿 개별룸,긍정적
2022-01,좋아요,긍정적
2022-01,굿,긍정적
2021-12,맛있어요,긍정적
2021-12,좋아요,긍정적
2021-12,굿,긍정적
2021-05,탄맛나는 보리굴비 억지로 먹다가 내과가서 치료했어요 이런쓰레기 파시면안되죠,부정적
2021-05,,알 수 없음
2021-03,깔끔해요,긍정적
2021-01,맛나요~,긍정적
2020-09,좋아요! 맛나요,긍정적
2020-09,좋아요좋아요좋아요 친절해요,긍정적
2020-09,좋아요,긍정적
